date,resort algarve,algarve hotel,algarve tourism,algarve vacation,is_holiday_pt,holiday_name,holiday_type,year,month,day,weekday,is_weekend,trend_mean,trend_max,is_before_holiday,is_after_holiday
2013-08-23,0,79,0,0,False,,none,2013,8,23,4,False,19.75,79,False,False
2013-08-24,0,75,0,0,False,,none,2013,8,24,5,True,18.75,75,False,False
2013-08-25,0,74,0,0,False,,none,2013,8,25,6,True,18.5,74,False,False
2013-08-26,0,68,0,0,False,,none,2013,8,26,0,False,17.0,68,False,False
2013-08-27,0,100,0,0,False,,none,2013,8,27,1,False,25.0,100,False,False
2013-08-28,0,53,0,0,False,,none,2013,8,28,2,False,13.25,53,False,False
2013-08-29,0,51,0,0,False,,none,2013,8,29,3,False,12.75,51,False,False
2013-08-30,0,63,0,0,False,,none,2013,8,30,4,False,15.75,63,False,False
2013-08-31,0,0,0,0,False,,none,2013,8,31,5,True,0.0,0,False,False
2013-09-01,0,0,0,0,False,,none,2013,9,1,6,True,0.0,0,False,False
2013-09-02,31,63,0,0,False,,none,2013,9,2,0,False,23.5,63,False,False
2013-09-03,0,55,0,0,False,,none,2013,9,3,1,False,13.75,55,False,False
2013-09-04,0,54,0,0,False,,none,2013,9,4,2,False,13.5,54,False,False
2013-09-05,0,53,0,0,False,,none,2013,9,5,3,False,13.25,53,False,False
2013-09-06,0,69,0,0,False,,none,2013,9,6,4,False,17.25,69,False,False
2013-09-07,0,0,0,0,False,,none,2013,9,7,5,True,0.0,0,False,False
2013-09-08,0,45,0,0,False,,none,2013,9,8,6,True,11.25,45,False,False
2013-09-09,0,37,0,0,False,,none,2013,9,9,0,False,9.25,37,False,False
2013-09-10,0,48,0,0,False,,none,2013,9,10,1,False,12.0,48,False,False
2013-09-11,0,33,0,0,False,,none,2013,9,11,2,False,8.25,33,False,False
2013-09-12,0,31,0,0,False,,none,2013,9,12,3,False,7.75,31,False,False
2013-09-13,0,0,0,0,False,,none,2013,9,13,4,False,0.0,0,False,False
2013-09-14,0,0,0,0,False,,none,2013,9,14,5,True,0.0,0,False,False
2013-09-15,0,0,0,0,False,,none,2013,9,15,6,True,0.0,0,False,False
2013-09-16,0,46,0,0,False,,none,2013,9,16,0,False,11.5,46,False,False
2013-09-17,0,46,0,0,False,,none,2013,9,17,1,False,11.5,46,False,False
2013-09-18,0,0,0,0,False,,none,2013,9,18,2,False,0.0,0,False,False
2013-09-19,0,0,0,0,False,,none,2013,9,19,3,False,0.0,0,False,False
2013-09-20,0,47,0,0,False,,none,2013,9,20,4,False,11.75,47,False,False
2013-09-21,0,0,0,0,False,,none,2013,9,21,5,True,0.0,0,False,False
2013-09-22,0,0,0,0,False,,none,2013,9,22,6,True,0.0,0,False,False
2013-09-23,0,0,0,0,False,,none,2013,9,23,0,False,0.0,0,False,False
2013-09-24,0,29,0,0,False,,none,2013,9,24,1,False,7.25,29,False,False
2013-09-25,0,30,0,0,False,,none,2013,9,25,2,False,7.5,30,False,False
2013-09-26,0,32,0,0,False,,none,2013,9,26,3,False,8.0,32,False,False
2013-09-27,0,0,0,0,False,,none,2013,9,27,4,False,0.0,0,False,False
2013-09-28,0,41,0,0,False,,none,2013,9,28,5,True,10.25,41,False,False
2013-09-29,0,0,0,0,False,,none,2013,9,29,6,True,0.0,0,False,False
2013-09-30,0,0,0,0,False,,none,2013,9,30,0,False,0.0,0,False,False
2013-10-01,0,0,0,0,False,,none,2013,10,1,1,False,0.0,0,False,False
2013-10-02,0,0,0,0,False,,none,2013,10,2,2,False,0.0,0,False,False
2013-10-03,0,0,0,0,False,,none,2013,10,3,3,False,0.0,0,False,False
2013-10-04,0,30,0,0,False,,none,2013,10,4,4,False,7.5,30,False,False
2013-10-05,0,0,0,0,False,,none,2013,10,5,5,True,0.0,0,False,False
2013-10-06,0,0,0,0,False,,none,2013,10,6,6,True,0.0,0,False,False
2013-10-07,0,0,0,0,False,,none,2013,10,7,0,False,0.0,0,False,False
2013-10-08,0,0,0,0,False,,none,2013,10,8,1,False,0.0,0,False,False
2013-10-09,0,0,0,0,False,,none,2013,10,9,2,False,0.0,0,False,False
2013-10-10,0,0,0,0,False,,none,2013,10,10,3,False,0.0,0,False,False
2013-10-11,0,0,0,0,False,,none,2013,10,11,4,False,0.0,0,False,False
2013-10-12,0,0,0,0,False,,none,2013,10,12,5,True,0.0,0,False,False
2013-10-13,0,0,0,0,False,,none,2013,10,13,6,True,0.0,0,False,False
2013-10-14,0,34,0,0,False,,none,2013,10,14,0,False,8.5,34,False,False
2013-10-15,0,0,0,0,False,,none,2013,10,15,1,False,0.0,0,False,False
2013-10-16,0,0,0,0,False,,none,2013,10,16,2,False,0.0,0,False,False
2013-10-17,0,0,0,0,False,,none,2013,10,17,3,False,0.0,0,False,False
2013-10-18,0,0,0,0,False,,none,2013,10,18,4,False,0.0,0,False,False
2013-10-19,0,0,0,0,False,,none,2013,10,19,5,True,0.0,0,False,False
2013-10-20,0,0,0,0,False,,none,2013,10,20,6,True,0.0,0,False,False
2013-10-21,0,0,0,0,False,,none,2013,10,21,0,False,0.0,0,False,False
2013-10-22,0,0,0,0,False,,none,2013,10,22,1,False,0.0,0,False,False
2013-10-23,0,0,0,0,False,,none,2013,10,23,2,False,0.0,0,False,False
2013-10-24,0,0,0,0,False,,none,2013,10,24,3,False,0.0,0,False,False
2013-10-25,0,100,0,0,False,,none,2013,10,25,4,False,25.0,100,False,False
2013-10-26,0,0,0,0,False,,none,2013,10,26,5,True,0.0,0,False,False
2013-10-27,0,0,0,0,False,,none,2013,10,27,6,True,0.0,0,False,False
2013-10-28,0,0,0,0,False,,none,2013,10,28,0,False,0.0,0,False,False
2013-10-29,0,0,0,0,False,,none,2013,10,29,1,False,0.0,0,False,False
2013-10-30,0,0,0,0,False,,none,2013,10,30,2,False,0.0,0,False,False
2013-10-31,0,0,0,0,False,,none,2013,10,31,3,False,0.0,0,False,False
2013-11-01,0,0,0,0,False,,none,2013,11,1,4,False,0.0,0,False,False
2013-11-02,0,0,0,0,False,,none,2013,11,2,5,True,0.0,0,False,False
2013-11-03,0,0,0,0,False,,none,2013,11,3,6,True,0.0,0,False,False
2013-11-04,0,0,0,0,False,,none,2013,11,4,0,False,0.0,0,False,False
2013-11-05,0,0,0,0,False,,none,2013,11,5,1,False,0.0,0,False,False
2013-11-06,0,0,0,0,False,,none,2013,11,6,2,False,0.0,0,False,False
2013-11-07,0,0,0,0,False,,none,2013,11,7,3,False,0.0,0,False,False
2013-11-08,0,0,0,84,False,,none,2013,11,8,4,False,21.0,84,False,False
2013-11-09,0,0,0,0,False,,none,2013,11,9,5,True,0.0,0,False,False
2013-11-10,0,0,0,94,False,,none,2013,11,10,6,True,23.5,94,False,False
2013-11-11,0,0,0,0,False,,none,2013,11,11,0,False,0.0,0,False,False
2013-11-12,0,0,0,0,False,,none,2013,11,12,1,False,0.0,0,False,False
2013-11-13,0,0,0,0,False,,none,2013,11,13,2,False,0.0,0,False,False
2013-11-14,0,0,0,0,False,,none,2013,11,14,3,False,0.0,0,False,False
2013-11-15,0,0,0,0,False,,none,2013,11,15,4,False,0.0,0,False,False
2013-11-16,0,0,0,0,False,,none,2013,11,16,5,True,0.0,0,False,False
2013-11-17,0,0,0,0,False,,none,2013,11,17,6,True,0.0,0,False,False
2013-11-18,0,0,0,0,False,,none,2013,11,18,0,False,0.0,0,False,False
2013-11-19,0,0,0,0,False,,none,2013,11,19,1,False,0.0,0,False,False
2013-11-20,0,0,0,0,False,,none,2013,11,20,2,False,0.0,0,False,False
2013-11-21,0,0,0,0,False,,none,2013,11,21,3,False,0.0,0,False,False
2013-11-22,0,0,0,0,False,,none,2013,11,22,4,False,0.0,0,False,False
2013-11-23,0,0,0,0,False,,none,2013,11,23,5,True,0.0,0,False,False
2013-11-24,0,0,0,0,False,,none,2013,11,24,6,True,0.0,0,False,False
2013-11-25,0,0,0,0,False,,none,2013,11,25,0,False,0.0,0,False,False
2013-11-26,0,0,0,88,False,,none,2013,11,26,1,False,22.0,88,False,False
2013-11-27,0,0,0,0,False,,none,2013,11,27,2,False,0.0,0,False,False
2013-11-28,0,0,0,0,False,,none,2013,11,28,3,False,0.0,0,False,False
2013-11-29,0,0,0,0,False,,none,2013,11,29,4,False,0.0,0,False,False
2013-11-30,0,0,0,0,False,,none,2013,11,30,5,True,0.0,0,False,False
2013-12-01,0,0,0,0,False,,none,2013,12,1,6,True,0.0,0,False,False
2013-12-02,0,0,0,0,False,,none,2013,12,2,0,False,0.0,0,False,False
2013-12-03,0,0,0,0,False,,none,2013,12,3,1,False,0.0,0,False,False
2013-12-04,0,0,0,0,False,,none,2013,12,4,2,False,0.0,0,False,False
2013-12-05,0,0,0,0,False,,none,2013,12,5,3,False,0.0,0,False,False
2013-12-06,0,0,0,0,False,,none,2013,12,6,4,False,0.0,0,False,False
2013-12-07,0,0,0,0,False,,none,2013,12,7,5,True,0.0,0,True,False
2013-12-08,0,0,0,0,True,Immaculate Conception,public,2013,12,8,6,True,0.0,0,False,False
2013-12-09,0,0,0,0,False,,none,2013,12,9,0,False,0.0,0,False,True
2013-12-10,0,0,0,0,False,,none,2013,12,10,1,False,0.0,0,False,False
2013-12-11,0,0,0,0,False,,none,2013,12,11,2,False,0.0,0,False,False
2013-12-12,0,0,0,0,False,,none,2013,12,12,3,False,0.0,0,False,False
2013-12-13,0,0,0,0,False,,none,2013,12,13,4,False,0.0,0,False,False
2013-12-14,0,0,0,0,False,,none,2013,12,14,5,True,0.0,0,False,False
2013-12-15,0,0,0,0,False,,none,2013,12,15,6,True,0.0,0,False,False
2013-12-16,0,0,0,0,False,,none,2013,12,16,0,False,0.0,0,False,False
2013-12-17,0,0,0,0,False,,none,2013,12,17,1,False,0.0,0,False,False
2013-12-18,0,0,0,0,False,,none,2013,12,18,2,False,0.0,0,False,False
2013-12-19,0,0,0,0,False,,none,2013,12,19,3,False,0.0,0,False,False
2013-12-20,0,0,0,0,False,,none,2013,12,20,4,False,0.0,0,False,False
2013-12-21,0,0,0,0,False,,none,2013,12,21,5,True,0.0,0,False,False
2013-12-22,0,0,0,0,False,,none,2013,12,22,6,True,0.0,0,False,False
2013-12-23,0,0,0,0,False,,none,2013,12,23,0,False,0.0,0,False,False
2013-12-24,0,0,0,0,False,,none,2013,12,24,1,False,0.0,0,True,False
2013-12-25,0,0,0,0,True,Christmas Day,religious,2013,12,25,2,False,0.0,0,False,False
2013-12-26,0,0,0,0,False,,none,2013,12,26,3,False,0.0,0,False,True
2013-12-27,0,0,0,0,False,,none,2013,12,27,4,False,0.0,0,False,False
2013-12-28,0,0,0,0,False,,none,2013,12,28,5,True,0.0,0,False,False
2013-12-29,0,0,0,0,False,,none,2013,12,29,6,True,0.0,0,False,False
2013-12-30,0,0,0,0,False,,none,2013,12,30,0,False,0.0,0,False,False
2013-12-31,0,0,0,0,False,,none,2013,12,31,1,False,0.0,0,True,False
2014-01-01,0,0,0,0,True,New Year's Day,public,2014,1,1,2,False,0.0,0,False,False
2014-01-02,0,0,0,0,False,,none,2014,1,2,3,False,0.0,0,False,True
2014-01-03,0,74,0,0,False,,none,2014,1,3,4,False,18.5,74,False,False
2014-01-04,0,0,0,0,False,,none,2014,1,4,5,True,0.0,0,False,False
2014-01-05,0,0,0,0,False,,none,2014,1,5,6,True,0.0,0,False,False
2014-01-06,0,0,0,0,False,,none,2014,1,6,0,False,0.0,0,False,False
2014-01-07,0,82,0,0,False,,none,2014,1,7,1,False,20.5,82,False,False
2014-01-08,0,0,0,0,False,,none,2014,1,8,2,False,0.0,0,False,False
2014-01-09,0,0,0,0,False,,none,2014,1,9,3,False,0.0,0,False,False
2014-01-10,0,0,0,0,False,,none,2014,1,10,4,False,0.0,0,False,False
2014-01-11,0,0,0,0,False,,none,2014,1,11,5,True,0.0,0,False,False
2014-01-12,0,0,0,0,False,,none,2014,1,12,6,True,0.0,0,False,False
2014-01-13,0,64,0,0,False,,none,2014,1,13,0,False,16.0,64,False,False
2014-01-14,0,0,0,0,False,,none,2014,1,14,1,False,0.0,0,False,False
2014-01-15,0,0,0,0,False,,none,2014,1,15,2,False,0.0,0,False,False
2014-01-16,0,0,0,0,False,,none,2014,1,16,3,False,0.0,0,False,False
2014-01-17,0,0,0,0,False,,none,2014,1,17,4,False,0.0,0,False,False
2014-01-18,0,0,0,0,False,,none,2014,1,18,5,True,0.0,0,False,False
2014-01-19,0,0,0,0,False,,none,2014,1,19,6,True,0.0,0,False,False
2014-01-20,0,0,0,0,False,,none,2014,1,20,0,False,0.0,0,False,False
2014-01-21,0,94,0,0,False,,none,2014,1,21,1,False,23.5,94,False,False
2014-01-22,0,0,0,0,False,,none,2014,1,22,2,False,0.0,0,False,False
2014-01-23,0,75,0,0,False,,none,2014,1,23,3,False,18.75,75,False,False
2014-01-24,0,0,0,0,False,,none,2014,1,24,4,False,0.0,0,False,False
2014-01-25,0,0,0,0,False,,none,2014,1,25,5,True,0.0,0,False,False
2014-01-26,0,0,0,0,False,,none,2014,1,26,6,True,0.0,0,False,False
2014-01-27,0,0,0,0,False,,none,2014,1,27,0,False,0.0,0,False,False
2014-01-28,0,0,0,0,False,,none,2014,1,28,1,False,0.0,0,False,False
2014-01-29,0,0,0,0,False,,none,2014,1,29,2,False,0.0,0,False,False
2014-01-30,0,0,0,0,False,,none,2014,1,30,3,False,0.0,0,False,False
2014-01-31,0,72,0,0,False,,none,2014,1,31,4,False,18.0,72,False,False
2014-02-01,0,76,0,0,False,,none,2014,2,1,5,True,19.0,76,False,False
2014-02-02,0,0,0,0,False,,none,2014,2,2,6,True,0.0,0,False,False
2014-02-03,0,0,0,0,False,,none,2014,2,3,0,False,0.0,0,False,False
2014-02-04,0,0,0,0,False,,none,2014,2,4,1,False,0.0,0,False,False
2014-02-05,0,80,0,0,False,,none,2014,2,5,2,False,20.0,80,False,False
2014-02-06,0,0,0,0,False,,none,2014,2,6,3,False,0.0,0,False,False
2014-02-07,0,83,0,0,False,,none,2014,2,7,4,False,20.75,83,False,False
2014-02-08,0,0,0,0,False,,none,2014,2,8,5,True,0.0,0,False,False
2014-02-09,0,0,0,0,False,,none,2014,2,9,6,True,0.0,0,False,False
2014-02-10,0,64,0,0,False,,none,2014,2,10,0,False,16.0,64,False,False
2014-02-11,0,72,0,0,False,,none,2014,2,11,1,False,18.0,72,False,False
2014-02-12,0,0,0,0,False,,none,2014,2,12,2,False,0.0,0,False,False
2014-02-13,0,68,0,0,False,,none,2014,2,13,3,False,17.0,68,False,False
2014-02-14,0,100,0,0,False,,none,2014,2,14,4,False,25.0,100,False,False
2014-02-15,0,0,0,0,False,,none,2014,2,15,5,True,0.0,0,False,False
2014-02-16,0,0,0,0,False,,none,2014,2,16,6,True,0.0,0,False,False
2014-02-17,0,85,0,0,False,,none,2014,2,17,0,False,21.25,85,False,False
2014-02-18,67,91,0,0,False,,none,2014,2,18,1,False,39.5,91,False,False
2014-02-19,0,91,0,0,False,,none,2014,2,19,2,False,22.75,91,False,False
2014-02-20,0,0,0,0,False,,none,2014,2,20,3,False,0.0,0,False,False
2014-02-21,0,82,0,0,False,,none,2014,2,21,4,False,20.5,82,False,False
2014-02-22,0,48,0,0,False,,none,2014,2,22,5,True,12.0,48,False,False
2014-02-23,0,47,0,0,False,,none,2014,2,23,6,True,11.75,47,False,False
2014-02-24,0,0,0,0,False,,none,2014,2,24,0,False,0.0,0,False,False
2014-02-25,0,42,0,0,False,,none,2014,2,25,1,False,10.5,42,False,False
2014-02-26,0,0,0,0,False,,none,2014,2,26,2,False,0.0,0,False,False
2014-02-27,0,41,0,0,False,,none,2014,2,27,3,False,10.25,41,False,False
2014-02-28,0,0,0,0,False,,none,2014,2,28,4,False,0.0,0,False,False
2014-03-01,0,0,0,0,False,,none,2014,3,1,5,True,0.0,0,False,False
2014-03-02,0,0,0,0,False,,none,2014,3,2,6,True,0.0,0,False,False
2014-03-03,0,0,0,0,False,,none,2014,3,3,0,False,0.0,0,False,False
2014-03-04,0,47,0,0,False,,none,2014,3,4,1,False,11.75,47,False,False
2014-03-05,0,43,0,0,False,,none,2014,3,5,2,False,10.75,43,False,False
2014-03-06,0,39,0,0,False,,none,2014,3,6,3,False,9.75,39,False,False
2014-03-07,0,69,0,0,False,,none,2014,3,7,4,False,17.25,69,False,False
2014-03-08,0,0,0,0,False,,none,2014,3,8,5,True,0.0,0,False,False
2014-03-09,0,56,0,0,False,,none,2014,3,9,6,True,14.0,56,False,False
2014-03-10,0,48,0,0,False,,none,2014,3,10,0,False,12.0,48,False,False
2014-03-11,0,36,0,0,False,,none,2014,3,11,1,False,9.0,36,False,False
2014-03-12,0,48,0,0,False,,none,2014,3,12,2,False,12.0,48,False,False
2014-03-13,0,58,0,0,False,,none,2014,3,13,3,False,14.5,58,False,False
2014-03-14,0,66,0,0,False,,none,2014,3,14,4,False,16.5,66,False,False
2014-03-15,0,52,0,0,False,,none,2014,3,15,5,True,13.0,52,False,False
2014-03-16,0,61,0,0,False,,none,2014,3,16,6,True,15.25,61,False,False
2014-03-17,0,57,0,0,False,,none,2014,3,17,0,False,14.25,57,False,False
2014-03-18,0,58,0,0,False,,none,2014,3,18,1,False,14.5,58,False,False
2014-03-19,0,44,0,0,False,,none,2014,3,19,2,False,11.0,44,False,False
2014-03-20,0,57,0,0,False,,none,2014,3,20,3,False,14.25,57,False,False
2014-03-21,0,57,0,0,False,,none,2014,3,21,4,False,14.25,57,False,False
2014-03-22,0,45,0,0,False,,none,2014,3,22,5,True,11.25,45,False,False
2014-03-23,0,0,0,0,False,,none,2014,3,23,6,True,0.0,0,False,False
2014-03-24,0,68,0,0,False,,none,2014,3,24,0,False,17.0,68,False,False
2014-03-25,0,62,0,0,False,,none,2014,3,25,1,False,15.5,62,False,False
2014-03-26,0,0,0,0,False,,none,2014,3,26,2,False,0.0,0,False,False
2014-03-27,0,48,0,0,False,,none,2014,3,27,3,False,12.0,48,False,False
2014-03-28,0,0,0,0,False,,none,2014,3,28,4,False,0.0,0,False,False
2014-03-29,0,68,0,0,False,,none,2014,3,29,5,True,17.0,68,False,False
2014-03-30,0,70,0,0,False,,none,2014,3,30,6,True,17.5,70,False,False
2014-03-31,40,55,0,42,False,,none,2014,3,31,0,False,34.25,55,False,False
2014-04-01,0,62,0,0,False,,none,2014,4,1,1,False,15.5,62,False,False
2014-04-02,0,50,0,0,False,,none,2014,4,2,2,False,12.5,50,False,False
2014-04-03,0,45,0,0,False,,none,2014,4,3,3,False,11.25,45,False,False
2014-04-04,0,68,0,0,False,,none,2014,4,4,4,False,17.0,68,False,False
2014-04-05,0,61,0,0,False,,none,2014,4,5,5,True,15.25,61,False,False
2014-04-06,0,48,0,0,False,,none,2014,4,6,6,True,12.0,48,False,False
2014-04-07,0,72,0,0,False,,none,2014,4,7,0,False,18.0,72,False,False
2014-04-08,0,63,0,0,False,,none,2014,4,8,1,False,15.75,63,False,False
2014-04-09,0,69,0,0,False,,none,2014,4,9,2,False,17.25,69,False,False
2014-04-10,0,86,0,0,False,,none,2014,4,10,3,False,21.5,86,False,False
2014-04-11,0,68,0,0,False,,none,2014,4,11,4,False,17.0,68,False,False
2014-04-12,0,71,0,0,False,,none,2014,4,12,5,True,17.75,71,False,False
2014-04-13,0,0,0,0,False,,none,2014,4,13,6,True,0.0,0,False,False
2014-04-14,0,100,0,0,False,,none,2014,4,14,0,False,25.0,100,False,False
2014-04-15,0,99,0,0,False,,none,2014,4,15,1,False,24.75,99,False,False
2014-04-16,0,48,0,0,False,,none,2014,4,16,2,False,12.0,48,False,False
2014-04-17,0,81,0,0,False,,none,2014,4,17,3,False,20.25,81,True,False
2014-04-18,0,0,0,0,True,Good Friday,public,2014,4,18,4,False,0.0,0,False,False
2014-04-19,0,77,0,0,False,,none,2014,4,19,5,True,19.25,77,True,True
2014-04-20,0,91,0,0,True,Easter Sunday,religious,2014,4,20,6,True,22.75,91,False,False
2014-04-21,0,67,0,0,False,,none,2014,4,21,0,False,16.75,67,False,True
2014-04-22,0,52,0,0,False,,none,2014,4,22,1,False,13.0,52,False,False
2014-04-23,0,98,0,0,False,,none,2014,4,23,2,False,24.5,98,False,False
2014-06-24,0,35,0,0,False,,none,2014,6,24,1,False,8.75,35,False,False
2014-06-25,0,36,0,0,False,,none,2014,6,25,2,False,9.0,36,False,False
2014-06-26,0,37,0,0,False,,none,2014,6,26,3,False,9.25,37,False,False
2014-06-27,0,44,0,0,False,,none,2014,6,27,4,False,11.0,44,False,False
2014-06-28,0,44,0,0,False,,none,2014,6,28,5,True,11.0,44,False,False
2014-06-29,0,43,0,0,False,,none,2014,6,29,6,True,10.75,43,False,False
2014-06-30,0,37,0,0,False,,none,2014,6,30,0,False,9.25,37,False,False
2014-07-01,0,33,0,0,False,,none,2014,7,1,1,False,8.25,33,False,False
2014-07-02,0,41,0,0,False,,none,2014,7,2,2,False,10.25,41,False,False
2014-07-03,15,31,0,0,False,,none,2014,7,3,3,False,11.5,31,False,False
2014-07-04,0,37,0,0,False,,none,2014,7,4,4,False,9.25,37,False,False
2014-07-05,0,36,0,0,False,,none,2014,7,5,5,True,9.0,36,False,False
2014-07-06,0,44,0,0,False,,none,2014,7,6,6,True,11.0,44,False,False
2014-07-07,0,53,0,0,False,,none,2014,7,7,0,False,13.25,53,False,False
2014-07-08,0,49,0,0,False,,none,2014,7,8,1,False,12.25,49,False,False
2014-07-09,0,33,0,0,False,,none,2014,7,9,2,False,8.25,33,False,False
2014-07-10,0,43,0,0,False,,none,2014,7,10,3,False,10.75,43,False,False
2014-07-11,0,28,0,0,False,,none,2014,7,11,4,False,7.0,28,False,False
2014-07-12,0,32,0,0,False,,none,2014,7,12,5,True,8.0,32,False,False
2014-07-13,0,26,0,0,False,,none,2014,7,13,6,True,6.5,26,False,False
2014-07-14,0,42,0,0,False,,none,2014,7,14,0,False,10.5,42,False,False
2014-07-15,0,43,0,0,False,,none,2014,7,15,1,False,10.75,43,False,False
2014-07-16,0,44,0,0,False,,none,2014,7,16,2,False,11.0,44,False,False
2014-07-17,0,51,0,0,False,,none,2014,7,17,3,False,12.75,51,False,False
2014-07-18,0,36,0,0,False,,none,2014,7,18,4,False,9.0,36,False,False
2014-07-19,0,44,0,0,False,,none,2014,7,19,5,True,11.0,44,False,False
2014-07-20,0,65,0,0,False,,none,2014,7,20,6,True,16.25,65,False,False
2014-07-21,0,56,0,0,False,,none,2014,7,21,0,False,14.0,56,False,False
2014-07-22,18,43,0,0,False,,none,2014,7,22,1,False,15.25,43,False,False
2014-07-23,0,42,0,0,False,,none,2014,7,23,2,False,10.5,42,False,False
2014-07-24,0,52,0,0,False,,none,2014,7,24,3,False,13.0,52,False,False
2014-07-25,0,49,0,0,False,,none,2014,7,25,4,False,12.25,49,False,False
2014-07-26,0,55,0,0,False,,none,2014,7,26,5,True,13.75,55,False,False
2014-07-27,0,100,0,0,False,,none,2014,7,27,6,True,25.0,100,False,False
2014-07-28,0,82,0,0,False,,none,2014,7,28,0,False,20.5,82,False,False
2014-07-29,0,49,0,0,False,,none,2014,7,29,1,False,12.25,49,False,False
2014-07-30,0,49,0,0,False,,none,2014,7,30,2,False,12.25,49,False,False
2014-07-31,0,49,0,0,False,,none,2014,7,31,3,False,12.25,49,False,False
2014-08-01,0,50,0,0,False,,none,2014,8,1,4,False,12.5,50,False,False
2014-08-02,0,42,0,0,False,,none,2014,8,2,5,True,10.5,42,False,False
2014-08-03,0,84,0,0,False,,none,2014,8,3,6,True,21.0,84,False,False
2014-08-04,0,59,0,0,False,,none,2014,8,4,0,False,14.75,59,False,False
2014-08-05,0,57,0,0,False,,none,2014,8,5,1,False,14.25,57,False,False
2014-08-06,0,65,0,0,False,,none,2014,8,6,2,False,16.25,65,False,False
2014-08-07,0,79,0,0,False,,none,2014,8,7,3,False,19.75,79,False,False
2014-08-08,18,58,0,0,False,,none,2014,8,8,4,False,19.0,58,False,False
2014-08-09,0,67,0,0,False,,none,2014,8,9,5,True,16.75,67,False,False
2014-08-10,0,61,0,0,False,,none,2014,8,10,6,True,15.25,61,False,False
2014-08-11,0,42,0,0,False,,none,2014,8,11,0,False,10.5,42,False,False
2014-08-12,0,59,0,0,False,,none,2014,8,12,1,False,14.75,59,False,False
2014-08-13,16,42,0,0,False,,none,2014,8,13,2,False,14.5,42,False,False
2014-08-14,0,63,0,0,False,,none,2014,8,14,3,False,15.75,63,True,False
2014-08-15,0,53,0,0,True,Assumption Day,public,2014,8,15,4,False,13.25,53,False,False
2014-08-16,0,55,0,0,False,,none,2014,8,16,5,True,13.75,55,False,True
2014-08-17,0,71,0,0,False,,none,2014,8,17,6,True,17.75,71,False,False
2014-08-18,0,53,0,0,False,,none,2014,8,18,0,False,13.25,53,False,False
2014-08-19,0,52,0,0,False,,none,2014,8,19,1,False,13.0,52,False,False
2014-08-20,22,46,0,0,False,,none,2014,8,20,2,False,17.0,46,False,False
2014-08-21,0,46,0,0,False,,none,2014,8,21,3,False,11.5,46,False,False
2014-08-22,0,29,0,0,False,,none,2014,8,22,4,False,7.25,29,False,False
2014-08-23,20,28,0,0,False,,none,2014,8,23,5,True,12.0,28,False,False
2014-10-24,0,0,0,0,False,,none,2014,10,24,4,False,0.0,0,False,False
2014-10-25,0,89,0,0,False,,none,2014,10,25,5,True,22.25,89,False,False
2014-10-26,0,0,0,0,False,,none,2014,10,26,6,True,0.0,0,False,False
2014-10-27,0,0,0,0,False,,none,2014,10,27,0,False,0.0,0,False,False
2014-10-28,0,0,0,0,False,,none,2014,10,28,1,False,0.0,0,False,False
2014-10-29,0,0,0,0,False,,none,2014,10,29,2,False,0.0,0,False,False
2014-10-30,0,0,0,0,False,,none,2014,10,30,3,False,0.0,0,False,False
2014-10-31,0,0,0,0,False,,none,2014,10,31,4,False,0.0,0,False,False
2014-11-01,0,0,0,0,False,,none,2014,11,1,5,True,0.0,0,False,False
2014-11-02,0,0,0,0,False,,none,2014,11,2,6,True,0.0,0,False,False
2014-11-03,0,0,0,0,False,,none,2014,11,3,0,False,0.0,0,False,False
2014-11-04,0,0,0,0,False,,none,2014,11,4,1,False,0.0,0,False,False
2014-11-05,0,0,0,0,False,,none,2014,11,5,2,False,0.0,0,False,False
2014-11-06,0,0,0,0,False,,none,2014,11,6,3,False,0.0,0,False,False
2014-11-07,0,0,0,0,False,,none,2014,11,7,4,False,0.0,0,False,False
2014-11-08,0,0,0,0,False,,none,2014,11,8,5,True,0.0,0,False,False
2014-11-09,0,0,0,0,False,,none,2014,11,9,6,True,0.0,0,False,False
2014-11-10,0,62,0,0,False,,none,2014,11,10,0,False,15.5,62,False,False
2014-11-11,0,65,0,0,False,,none,2014,11,11,1,False,16.25,65,False,False
2014-11-12,0,0,0,0,False,,none,2014,11,12,2,False,0.0,0,False,False
2014-11-13,0,0,0,0,False,,none,2014,11,13,3,False,0.0,0,False,False
2014-11-14,0,0,0,0,False,,none,2014,11,14,4,False,0.0,0,False,False
2014-11-15,0,0,0,0,False,,none,2014,11,15,5,True,0.0,0,False,False
2014-11-16,0,0,0,0,False,,none,2014,11,16,6,True,0.0,0,False,False
2014-11-17,0,0,0,0,False,,none,2014,11,17,0,False,0.0,0,False,False
2014-11-18,0,100,0,0,False,,none,2014,11,18,1,False,25.0,100,False,False
2014-11-19,0,0,0,0,False,,none,2014,11,19,2,False,0.0,0,False,False
2014-11-20,0,0,0,0,False,,none,2014,11,20,3,False,0.0,0,False,False
2014-11-21,0,0,0,0,False,,none,2014,11,21,4,False,0.0,0,False,False
2014-11-22,0,0,0,0,False,,none,2014,11,22,5,True,0.0,0,False,False
2014-11-23,0,0,0,0,False,,none,2014,11,23,6,True,0.0,0,False,False
2014-11-24,0,0,0,0,False,,none,2014,11,24,0,False,0.0,0,False,False
2014-11-25,0,0,0,0,False,,none,2014,11,25,1,False,0.0,0,False,False
2014-11-26,0,0,0,0,False,,none,2014,11,26,2,False,0.0,0,False,False
2014-11-27,0,0,0,0,False,,none,2014,11,27,3,False,0.0,0,False,False
2014-11-28,0,0,0,0,False,,none,2014,11,28,4,False,0.0,0,False,False
2014-11-29,0,0,0,0,False,,none,2014,11,29,5,True,0.0,0,False,False
2014-11-30,0,0,0,0,False,,none,2014,11,30,6,True,0.0,0,False,False
2014-12-01,0,0,76,0,False,,none,2014,12,1,0,False,19.0,76,False,False
2014-12-02,0,0,0,0,False,,none,2014,12,2,1,False,0.0,0,False,False
2014-12-03,0,0,0,0,False,,none,2014,12,3,2,False,0.0,0,False,False
2014-12-04,0,0,0,0,False,,none,2014,12,4,3,False,0.0,0,False,False
2014-12-05,0,0,0,0,False,,none,2014,12,5,4,False,0.0,0,False,False
2014-12-06,0,0,0,0,False,,none,2014,12,6,5,True,0.0,0,False,False
2014-12-07,0,0,0,0,False,,none,2014,12,7,6,True,0.0,0,True,False
2014-12-08,0,0,0,0,True,Immaculate Conception,public,2014,12,8,0,False,0.0,0,False,False
2014-12-09,0,0,0,0,False,,none,2014,12,9,1,False,0.0,0,False,True
2014-12-10,0,0,0,0,False,,none,2014,12,10,2,False,0.0,0,False,False
2014-12-11,0,0,0,0,False,,none,2014,12,11,3,False,0.0,0,False,False
2014-12-12,0,0,0,0,False,,none,2014,12,12,4,False,0.0,0,False,False
2014-12-13,0,0,0,0,False,,none,2014,12,13,5,True,0.0,0,False,False
2014-12-14,0,0,0,0,False,,none,2014,12,14,6,True,0.0,0,False,False
2014-12-15,0,0,0,0,False,,none,2014,12,15,0,False,0.0,0,False,False
2014-12-16,0,0,0,0,False,,none,2014,12,16,1,False,0.0,0,False,False
2014-12-17,0,0,0,0,False,,none,2014,12,17,2,False,0.0,0,False,False
2014-12-18,0,0,0,0,False,,none,2014,12,18,3,False,0.0,0,False,False
2014-12-19,0,0,0,0,False,,none,2014,12,19,4,False,0.0,0,False,False
2014-12-20,0,0,0,0,False,,none,2014,12,20,5,True,0.0,0,False,False
2014-12-21,0,0,0,0,False,,none,2014,12,21,6,True,0.0,0,False,False
2014-12-22,0,0,0,0,False,,none,2014,12,22,0,False,0.0,0,False,False
2014-12-23,0,0,0,0,False,,none,2014,12,23,1,False,0.0,0,False,False
2014-12-24,0,0,0,0,False,,none,2014,12,24,2,False,0.0,0,True,False
2014-12-25,0,0,0,0,True,Christmas Day,religious,2014,12,25,3,False,0.0,0,False,False
2014-12-26,0,0,0,0,False,,none,2014,12,26,4,False,0.0,0,False,True
2014-12-27,0,0,0,0,False,,none,2014,12,27,5,True,0.0,0,False,False
2014-12-28,0,100,0,0,False,,none,2014,12,28,6,True,25.0,100,False,False
2014-12-29,0,0,0,0,False,,none,2014,12,29,0,False,0.0,0,False,False
2014-12-30,0,0,0,0,False,,none,2014,12,30,1,False,0.0,0,False,False
2014-12-31,0,0,0,0,False,,none,2014,12,31,2,False,0.0,0,True,False
2015-01-01,0,0,0,0,True,New Year's Day,public,2015,1,1,3,False,0.0,0,False,False
2015-01-02,0,0,0,0,False,,none,2015,1,2,4,False,0.0,0,False,True
2015-01-03,0,0,0,0,False,,none,2015,1,3,5,True,0.0,0,False,False
2015-01-04,0,0,0,0,False,,none,2015,1,4,6,True,0.0,0,False,False
2015-01-05,0,0,0,0,False,,none,2015,1,5,0,False,0.0,0,False,False
2015-01-06,0,0,0,0,False,,none,2015,1,6,1,False,0.0,0,False,False
2015-01-07,0,0,0,0,False,,none,2015,1,7,2,False,0.0,0,False,False
2015-01-08,0,0,0,0,False,,none,2015,1,8,3,False,0.0,0,False,False
2015-01-09,0,87,0,0,False,,none,2015,1,9,4,False,21.75,87,False,False
2015-01-10,0,0,0,0,False,,none,2015,1,10,5,True,0.0,0,False,False
2015-01-11,0,63,0,0,False,,none,2015,1,11,6,True,15.75,63,False,False
2015-01-12,0,0,0,0,False,,none,2015,1,12,0,False,0.0,0,False,False
2015-01-13,0,0,0,0,False,,none,2015,1,13,1,False,0.0,0,False,False
2015-01-14,0,0,0,0,False,,none,2015,1,14,2,False,0.0,0,False,False
2015-01-15,0,0,0,0,False,,none,2015,1,15,3,False,0.0,0,False,False
2015-01-16,0,0,0,0,False,,none,2015,1,16,4,False,0.0,0,False,False
2015-01-17,0,100,0,0,False,,none,2015,1,17,5,True,25.0,100,False,False
2015-01-18,0,0,0,0,False,,none,2015,1,18,6,True,0.0,0,False,False
2015-01-19,0,0,0,0,False,,none,2015,1,19,0,False,0.0,0,False,False
2015-01-20,0,69,0,0,False,,none,2015,1,20,1,False,17.25,69,False,False
2015-01-21,0,0,0,0,False,,none,2015,1,21,2,False,0.0,0,False,False
2015-01-22,0,53,0,0,False,,none,2015,1,22,3,False,13.25,53,False,False
2015-01-23,0,0,0,0,False,,none,2015,1,23,4,False,0.0,0,False,False
2015-01-24,0,0,0,0,False,,none,2015,1,24,5,True,0.0,0,False,False
2015-01-25,0,0,0,0,False,,none,2015,1,25,6,True,0.0,0,False,False
2015-01-26,0,49,0,0,False,,none,2015,1,26,0,False,12.25,49,False,False
2015-01-27,0,50,0,0,False,,none,2015,1,27,1,False,12.5,50,False,False
2015-01-28,0,0,0,0,False,,none,2015,1,28,2,False,0.0,0,False,False
2015-01-29,0,0,0,0,False,,none,2015,1,29,3,False,0.0,0,False,False
2015-01-30,0,0,0,0,False,,none,2015,1,30,4,False,0.0,0,False,False
2015-01-31,0,0,0,0,False,,none,2015,1,31,5,True,0.0,0,False,False
2015-02-01,0,0,0,0,False,,none,2015,2,1,6,True,0.0,0,False,False
2015-02-02,0,74,0,0,False,,none,2015,2,2,0,False,18.5,74,False,False
2015-02-03,0,0,0,0,False,,none,2015,2,3,1,False,0.0,0,False,False
2015-02-04,0,0,0,0,False,,none,2015,2,4,2,False,0.0,0,False,False
2015-02-05,0,0,0,0,False,,none,2015,2,5,3,False,0.0,0,False,False
2015-02-06,0,0,0,0,False,,none,2015,2,6,4,False,0.0,0,False,False
2015-02-07,0,0,0,0,False,,none,2015,2,7,5,True,0.0,0,False,False
2015-02-08,0,0,0,0,False,,none,2015,2,8,6,True,0.0,0,False,False
2015-02-09,0,0,0,0,False,,none,2015,2,9,0,False,0.0,0,False,False
2015-02-10,0,59,0,0,False,,none,2015,2,10,1,False,14.75,59,False,False
2015-02-11,0,60,0,0,False,,none,2015,2,11,2,False,15.0,60,False,False
2015-02-12,0,0,0,0,False,,none,2015,2,12,3,False,0.0,0,False,False
2015-02-13,0,60,0,0,False,,none,2015,2,13,4,False,15.0,60,False,False
2015-02-14,0,0,0,0,False,,none,2015,2,14,5,True,0.0,0,False,False
2015-02-15,0,68,0,0,False,,none,2015,2,15,6,True,17.0,68,False,False
2015-02-16,0,0,0,0,False,,none,2015,2,16,0,False,0.0,0,False,False
2015-02-17,0,0,0,0,False,,none,2015,2,17,1,False,0.0,0,False,False
2015-02-18,0,59,0,0,False,,none,2015,2,18,2,False,14.75,59,False,False
2015-02-19,0,55,0,0,False,,none,2015,2,19,3,False,13.75,55,False,False
2015-02-20,0,0,0,0,False,,none,2015,2,20,4,False,0.0,0,False,False
2015-02-21,0,70,0,0,False,,none,2015,2,21,5,True,17.5,70,False,False
2015-02-22,0,68,0,0,False,,none,2015,2,22,6,True,17.0,68,False,False
2015-02-23,48,0,0,0,False,,none,2015,2,23,0,False,12.0,48,False,False
2015-02-24,0,59,0,0,False,,none,2015,2,24,1,False,14.75,59,False,False
2015-02-25,0,0,0,0,False,,none,2015,2,25,2,False,0.0,0,False,False
2015-02-26,0,49,0,0,False,,none,2015,2,26,3,False,12.25,49,False,False
2015-02-27,0,0,0,0,False,,none,2015,2,27,4,False,0.0,0,False,False
2015-02-28,0,57,0,0,False,,none,2015,2,28,5,True,14.25,57,False,False
2015-03-01,0,0,0,0,False,,none,2015,3,1,6,True,0.0,0,False,False
2015-03-02,0,50,0,0,False,,none,2015,3,2,0,False,12.5,50,False,False
2015-03-03,0,50,0,0,False,,none,2015,3,3,1,False,12.5,50,False,False
2015-03-04,0,59,0,0,False,,none,2015,3,4,2,False,14.75,59,False,False
2015-03-05,0,0,0,0,False,,none,2015,3,5,3,False,0.0,0,False,False
2015-03-06,0,0,0,0,False,,none,2015,3,6,4,False,0.0,0,False,False
2015-03-07,0,0,0,0,False,,none,2015,3,7,5,True,0.0,0,False,False
2015-03-08,0,54,0,0,False,,none,2015,3,8,6,True,13.5,54,False,False
2015-03-09,0,41,0,0,False,,none,2015,3,9,0,False,10.25,41,False,False
2015-03-10,0,0,0,0,False,,none,2015,3,10,1,False,0.0,0,False,False
2015-03-11,0,62,0,0,False,,none,2015,3,11,2,False,15.5,62,False,False
2015-03-12,55,68,0,0,False,,none,2015,3,12,3,False,30.75,68,False,False
2015-03-13,0,0,0,0,False,,none,2015,3,13,4,False,0.0,0,False,False
2015-03-14,0,70,0,0,False,,none,2015,3,14,5,True,17.5,70,False,False
2015-03-15,0,59,0,0,False,,none,2015,3,15,6,True,14.75,59,False,False
2015-03-16,0,77,0,0,False,,none,2015,3,16,0,False,19.25,77,False,False
2015-03-17,0,65,0,0,False,,none,2015,3,17,1,False,16.25,65,False,False
2015-03-18,0,62,0,0,False,,none,2015,3,18,2,False,15.5,62,False,False
2015-03-19,0,74,0,0,False,,none,2015,3,19,3,False,18.5,74,False,False
2015-03-20,0,59,0,0,False,,none,2015,3,20,4,False,14.75,59,False,False
2015-03-21,0,69,0,0,False,,none,2015,3,21,5,True,17.25,69,False,False
2015-03-22,0,61,0,0,False,,none,2015,3,22,6,True,15.25,61,False,False
2015-03-23,0,56,0,0,False,,none,2015,3,23,0,False,14.0,56,False,False
2015-03-24,0,68,0,0,False,,none,2015,3,24,1,False,17.0,68,False,False
2015-03-25,0,80,0,0,False,,none,2015,3,25,2,False,20.0,80,False,False
2015-03-26,0,73,0,0,False,,none,2015,3,26,3,False,18.25,73,False,False
2015-03-27,0,71,0,0,False,,none,2015,3,27,4,False,17.75,71,False,False
2015-03-28,0,0,0,0,False,,none,2015,3,28,5,True,0.0,0,False,False
2015-03-29,0,81,0,0,False,,none,2015,3,29,6,True,20.25,81,False,False
2015-03-30,0,81,0,0,False,,none,2015,3,30,0,False,20.25,81,False,False
2015-03-31,0,53,0,0,False,,none,2015,3,31,1,False,13.25,53,False,False
2015-04-01,41,58,0,0,False,,none,2015,4,1,2,False,24.75,58,False,False
2015-04-02,0,0,0,0,False,,none,2015,4,2,3,False,0.0,0,True,False
2015-04-03,0,70,0,0,True,Good Friday,public,2015,4,3,4,False,17.5,70,False,False
2015-04-04,0,60,0,0,False,,none,2015,4,4,5,True,15.0,60,True,True
2015-04-05,0,64,0,0,True,Easter Sunday,religious,2015,4,5,6,True,16.0,64,False,False
2015-04-06,51,61,0,0,False,,none,2015,4,6,0,False,28.0,61,False,True
2015-04-07,0,79,0,0,False,,none,2015,4,7,1,False,19.75,79,False,False
2015-04-08,0,68,0,0,False,,none,2015,4,8,2,False,17.0,68,False,False
2015-04-09,0,71,0,0,False,,none,2015,4,9,3,False,17.75,71,False,False
2015-04-10,0,65,0,0,False,,none,2015,4,10,4,False,16.25,65,False,False
2015-04-11,0,60,0,0,False,,none,2015,4,11,5,True,15.0,60,False,False
2015-04-12,0,73,0,0,False,,none,2015,4,12,6,True,18.25,73,False,False
2015-04-13,0,87,0,0,False,,none,2015,4,13,0,False,21.75,87,False,False
2015-04-14,0,46,0,0,False,,none,2015,4,14,1,False,11.5,46,False,False
2015-04-15,0,64,0,0,False,,none,2015,4,15,2,False,16.0,64,False,False
2015-04-16,0,59,0,0,False,,none,2015,4,16,3,False,14.75,59,False,False
2015-04-17,0,85,0,0,False,,none,2015,4,17,4,False,21.25,85,False,False
2015-04-18,0,61,0,0,False,,none,2015,4,18,5,True,15.25,61,False,False
2015-04-19,0,87,0,0,False,,none,2015,4,19,6,True,21.75,87,False,False
2015-04-20,0,0,0,0,False,,none,2015,4,20,0,False,0.0,0,False,False
2015-04-21,0,71,0,0,False,,none,2015,4,21,1,False,17.75,71,False,False
2015-04-22,0,90,0,0,False,,none,2015,4,22,2,False,22.5,90,False,False
2015-04-23,0,100,0,0,False,,none,2015,4,23,3,False,25.0,100,False,False
2015-04-24,0,64,0,0,False,,none,2015,4,24,4,False,16.0,64,True,False
2015-04-25,0,47,0,0,True,Freedom Day,public,2015,4,25,5,True,11.75,47,False,False
2015-04-26,0,33,0,0,False,,none,2015,4,26,6,True,8.25,33,False,True
2015-04-27,0,56,0,0,False,,none,2015,4,27,0,False,14.0,56,False,False
2015-04-28,0,33,0,0,False,,none,2015,4,28,1,False,8.25,33,False,False
2015-04-29,0,52,0,0,False,,none,2015,4,29,2,False,13.0,52,False,False
2015-04-30,0,41,0,0,False,,none,2015,4,30,3,False,10.25,41,True,False
2015-05-01,0,46,0,0,True,Labor Day,public,2015,5,1,4,False,11.5,46,False,False
2015-05-02,0,51,0,0,False,,none,2015,5,2,5,True,12.75,51,False,True
2015-05-03,0,32,0,0,False,,none,2015,5,3,6,True,8.0,32,False,False
2015-05-04,0,29,0,0,False,,none,2015,5,4,0,False,7.25,29,False,False
2015-05-05,26,37,0,0,False,,none,2015,5,5,1,False,15.75,37,False,False
2015-05-06,0,0,0,0,False,,none,2015,5,6,2,False,0.0,0,False,False
2015-05-07,0,57,0,0,False,,none,2015,5,7,3,False,14.25,57,False,False
2015-05-08,0,55,0,0,False,,none,2015,5,8,4,False,13.75,55,False,False
2015-05-09,0,53,0,0,False,,none,2015,5,9,5,True,13.25,53,False,False
2015-05-10,0,51,0,0,False,,none,2015,5,10,6,True,12.75,51,False,False
2015-05-11,0,36,0,0,False,,none,2015,5,11,0,False,9.0,36,False,False
2015-05-12,37,51,0,0,False,,none,2015,5,12,1,False,22.0,51,False,False
2015-05-13,0,44,0,0,False,,none,2015,5,13,2,False,11.0,44,False,False
2015-05-14,0,68,0,0,False,,none,2015,5,14,3,False,17.0,68,False,False
2015-05-15,0,59,0,0,False,,none,2015,5,15,4,False,14.75,59,False,False
2015-05-16,0,83,0,0,False,,none,2015,5,16,5,True,20.75,83,False,False
2015-05-17,0,81,0,0,False,,none,2015,5,17,6,True,20.25,81,False,False
2015-05-18,0,75,0,0,False,,none,2015,5,18,0,False,18.75,75,False,False
2015-05-19,0,48,0,0,False,,none,2015,5,19,1,False,12.0,48,False,False
2015-05-20,0,39,0,0,False,,none,2015,5,20,2,False,9.75,39,False,False
2015-05-21,0,54,0,0,False,,none,2015,5,21,3,False,13.5,54,False,False
2015-05-22,0,53,0,0,False,,none,2015,5,22,4,False,13.25,53,False,False
2015-05-23,0,55,0,0,False,,none,2015,5,23,5,True,13.75,55,False,False
2015-05-24,0,43,0,0,False,,none,2015,5,24,6,True,10.75,43,False,False
2015-05-25,0,54,0,0,False,,none,2015,5,25,0,False,13.5,54,False,False
2015-05-26,0,58,0,0,False,,none,2015,5,26,1,False,14.5,58,False,False
2015-05-27,0,54,0,0,False,,none,2015,5,27,2,False,13.5,54,False,False
2015-05-28,43,49,0,0,False,,none,2015,5,28,3,False,23.0,49,False,False
2015-05-29,0,72,0,0,False,,none,2015,5,29,4,False,18.0,72,False,False
2015-05-30,0,47,0,40,False,,none,2015,5,30,5,True,21.75,47,False,False
2015-05-31,0,56,0,0,False,,none,2015,5,31,6,True,14.0,56,False,False
2015-06-01,0,64,0,0,False,,none,2015,6,1,0,False,16.0,64,False,False
2015-06-02,0,68,0,0,False,,none,2015,6,2,1,False,17.0,68,False,False
2015-06-03,0,55,0,0,False,,none,2015,6,3,2,False,13.75,55,False,False
2015-06-04,0,75,0,0,False,,none,2015,6,4,3,False,18.75,75,False,False
2015-06-05,32,78,0,0,False,,none,2015,6,5,4,False,27.5,78,False,False
2015-06-06,0,58,0,0,False,,none,2015,6,6,5,True,14.5,58,False,False
2015-06-07,0,54,0,0,False,,none,2015,6,7,6,True,13.5,54,False,False
2015-06-08,35,69,0,0,False,,none,2015,6,8,0,False,26.0,69,False,False
2015-06-09,0,59,0,0,False,,none,2015,6,9,1,False,14.75,59,True,False
2015-06-10,0,62,0,0,True,"Day of Portugal, Camões, and the Portuguese Communities",public,2015,6,10,2,False,15.5,62,False,False
2015-06-11,40,39,0,0,False,,none,2015,6,11,3,False,19.75,40,False,True
2015-06-12,0,58,0,0,False,,none,2015,6,12,4,False,14.5,58,False,False
2015-06-13,0,58,0,0,False,,none,2015,6,13,5,True,14.5,58,False,False
2015-06-14,54,99,0,0,False,,none,2015,6,14,6,True,38.25,99,False,False
2015-06-15,0,80,0,0,False,,none,2015,6,15,0,False,20.0,80,False,False
2015-06-16,0,69,0,0,False,,none,2015,6,16,1,False,17.25,69,False,False
2015-06-17,0,62,0,0,False,,none,2015,6,17,2,False,15.5,62,False,False
2015-06-18,0,79,0,0,False,,none,2015,6,18,3,False,19.75,79,False,False
2015-06-19,0,67,0,0,False,,none,2015,6,19,4,False,16.75,67,False,False
2015-06-20,0,57,0,0,False,,none,2015,6,20,5,True,14.25,57,False,False
2015-06-21,0,100,0,0,False,,none,2015,6,21,6,True,25.0,100,False,False
2015-06-22,38,96,0,0,False,,none,2015,6,22,0,False,33.5,96,False,False
2015-06-23,0,48,0,0,False,,none,2015,6,23,1,False,12.0,48,False,False
2015-06-24,34,72,0,0,False,,none,2015,6,24,2,False,26.5,72,False,False
2015-06-25,0,48,0,0,False,,none,2015,6,25,3,False,12.0,48,False,False
2015-06-26,0,28,0,0,False,,none,2015,6,26,4,False,7.0,28,False,False
2015-06-27,0,41,0,0,False,,none,2015,6,27,5,True,10.25,41,False,False
2015-06-28,0,47,0,0,False,,none,2015,6,28,6,True,11.75,47,False,False
2015-06-29,0,81,0,0,False,,none,2015,6,29,0,False,20.25,81,False,False
2015-06-30,0,69,0,0,False,,none,2015,6,30,1,False,17.25,69,False,False
2015-07-01,0,64,0,0,False,,none,2015,7,1,2,False,16.0,64,False,False
2015-07-02,24,54,0,0,False,,none,2015,7,2,3,False,19.5,54,False,False
2015-07-03,0,69,0,0,False,,none,2015,7,3,4,False,17.25,69,False,False
2015-07-04,0,85,0,0,False,,none,2015,7,4,5,True,21.25,85,False,False
2015-07-05,0,86,0,0,False,,none,2015,7,5,6,True,21.5,86,False,False
2015-07-06,0,93,0,0,False,,none,2015,7,6,0,False,23.25,93,False,False
2015-07-07,0,84,0,0,False,,none,2015,7,7,1,False,21.0,84,False,False
2015-07-08,22,65,0,0,False,,none,2015,7,8,2,False,21.75,65,False,False
2015-07-09,0,50,0,0,False,,none,2015,7,9,3,False,12.5,50,False,False
2015-07-10,0,63,0,0,False,,none,2015,7,10,4,False,15.75,63,False,False
2015-07-11,0,78,0,0,False,,none,2015,7,11,5,True,19.5,78,False,False
2015-07-12,0,76,0,0,False,,none,2015,7,12,6,True,19.0,76,False,False
2015-07-13,0,79,0,0,False,,none,2015,7,13,0,False,19.75,79,False,False
2015-07-14,0,87,0,0,False,,none,2015,7,14,1,False,21.75,87,False,False
2015-07-15,0,76,0,0,False,,none,2015,7,15,2,False,19.0,76,False,False
2015-07-16,0,74,0,0,False,,none,2015,7,16,3,False,18.5,74,False,False
2015-07-17,0,57,0,0,False,,none,2015,7,17,4,False,14.25,57,False,False
2015-07-18,0,52,0,0,False,,none,2015,7,18,5,True,13.0,52,False,False
2015-07-19,0,98,0,0,False,,none,2015,7,19,6,True,24.5,98,False,False
2015-07-20,0,76,0,0,False,,none,2015,7,20,0,False,19.0,76,False,False
2015-07-21,0,91,0,0,False,,none,2015,7,21,1,False,22.75,91,False,False
2015-07-22,0,54,0,0,False,,none,2015,7,22,2,False,13.5,54,False,False
2015-07-23,0,78,0,0,False,,none,2015,7,23,3,False,19.5,78,False,False
2015-07-24,0,87,0,0,False,,none,2015,7,24,4,False,21.75,87,False,False
2015-07-25,0,63,0,0,False,,none,2015,7,25,5,True,15.75,63,False,False
2015-07-26,0,90,0,0,False,,none,2015,7,26,6,True,22.5,90,False,False
2015-07-27,0,58,0,0,False,,none,2015,7,27,0,False,14.5,58,False,False
2015-07-28,0,60,0,0,False,,none,2015,7,28,1,False,15.0,60,False,False
2015-07-29,0,81,0,0,False,,none,2015,7,29,2,False,20.25,81,False,False
2015-07-30,0,78,0,0,False,,none,2015,7,30,3,False,19.5,78,False,False
2015-07-31,0,74,0,0,False,,none,2015,7,31,4,False,18.5,74,False,False
2015-08-01,0,64,0,0,False,,none,2015,8,1,5,True,16.0,64,False,False
2015-08-02,0,98,0,0,False,,none,2015,8,2,6,True,24.5,98,False,False
2015-08-03,0,100,0,0,False,,none,2015,8,3,0,False,25.0,100,False,False
2015-08-04,0,84,0,0,False,,none,2015,8,4,1,False,21.0,84,False,False
2015-08-05,0,80,0,0,False,,none,2015,8,5,2,False,20.0,80,False,False
2015-08-06,0,79,0,0,False,,none,2015,8,6,3,False,19.75,79,False,False
2015-08-07,0,83,0,0,False,,none,2015,8,7,4,False,20.75,83,False,False
2015-08-08,0,75,0,0,False,,none,2015,8,8,5,True,18.75,75,False,False
2015-08-09,0,87,0,0,False,,none,2015,8,9,6,True,21.75,87,False,False
2015-08-10,0,83,0,0,False,,none,2015,8,10,0,False,20.75,83,False,False
2015-08-11,0,94,0,0,False,,none,2015,8,11,1,False,23.5,94,False,False
2015-08-12,0,57,0,0,False,,none,2015,8,12,2,False,14.25,57,False,False
2015-08-13,0,73,0,0,False,,none,2015,8,13,3,False,18.25,73,False,False
2015-08-14,0,57,0,0,False,,none,2015,8,14,4,False,14.25,57,True,False
2015-08-15,0,89,0,0,True,Assumption Day,public,2015,8,15,5,True,22.25,89,False,False
2015-08-16,0,58,0,0,False,,none,2015,8,16,6,True,14.5,58,False,True
2015-08-17,0,81,0,0,False,,none,2015,8,17,0,False,20.25,81,False,False
2015-08-18,0,65,0,0,False,,none,2015,8,18,1,False,16.25,65,False,False
2015-08-19,0,47,0,0,False,,none,2015,8,19,2,False,11.75,47,False,False
2015-08-20,0,66,0,0,False,,none,2015,8,20,3,False,16.5,66,False,False
2015-08-21,0,78,0,0,False,,none,2015,8,21,4,False,19.5,78,False,False
2015-08-22,0,55,0,0,False,,none,2015,8,22,5,True,13.75,55,False,False
2015-08-23,0,62,0,0,False,,none,2015,8,23,6,True,15.5,62,False,False
2015-08-24,0,51,0,0,False,,none,2015,8,24,0,False,12.75,51,False,False
2015-08-25,30,95,0,0,False,,none,2015,8,25,1,False,31.25,95,False,False
2015-08-26,0,66,0,0,False,,none,2015,8,26,2,False,16.5,66,False,False
2015-08-27,0,76,0,0,False,,none,2015,8,27,3,False,19.0,76,False,False
2015-08-28,0,66,0,0,False,,none,2015,8,28,4,False,16.5,66,False,False
2015-08-29,0,56,0,0,False,,none,2015,8,29,5,True,14.0,56,False,False
2015-08-30,0,100,0,0,False,,none,2015,8,30,6,True,25.0,100,False,False
2015-08-31,0,72,0,0,False,,none,2015,8,31,0,False,18.0,72,False,False
2015-09-01,29,71,0,0,False,,none,2015,9,1,1,False,25.0,71,False,False
2015-09-02,0,54,0,0,False,,none,2015,9,2,2,False,13.5,54,False,False
2015-09-03,0,54,0,0,False,,none,2015,9,3,3,False,13.5,54,False,False
2015-09-04,0,60,0,0,False,,none,2015,9,4,4,False,15.0,60,False,False
2015-09-05,0,80,0,0,False,,none,2015,9,5,5,True,20.0,80,False,False
2015-09-06,0,79,0,0,False,,none,2015,9,6,6,True,19.75,79,False,False
2015-09-07,0,0,0,0,False,,none,2015,9,7,0,False,0.0,0,False,False
2015-09-08,0,56,0,0,False,,none,2015,9,8,1,False,14.0,56,False,False
2015-09-09,0,43,0,0,False,,none,2015,9,9,2,False,10.75,43,False,False
2015-09-10,0,34,0,0,False,,none,2015,9,10,3,False,8.5,34,False,False
2015-09-11,0,0,0,0,False,,none,2015,9,11,4,False,0.0,0,False,False
2015-09-12,0,0,0,0,False,,none,2015,9,12,5,True,0.0,0,False,False
2015-09-13,0,0,0,0,False,,none,2015,9,13,6,True,0.0,0,False,False
2015-09-14,0,0,0,0,False,,none,2015,9,14,0,False,0.0,0,False,False
2015-09-15,0,36,0,0,False,,none,2015,9,15,1,False,9.0,36,False,False
2015-09-16,0,39,0,0,False,,none,2015,9,16,2,False,9.75,39,False,False
2015-09-17,0,30,0,0,False,,none,2015,9,17,3,False,7.5,30,False,False
2015-09-18,0,0,0,0,False,,none,2015,9,18,4,False,0.0,0,False,False
2015-09-19,0,0,0,0,False,,none,2015,9,19,5,True,0.0,0,False,False
2015-09-20,0,0,0,0,False,,none,2015,9,20,6,True,0.0,0,False,False
2015-09-21,0,48,0,0,False,,none,2015,9,21,0,False,12.0,48,False,False
2015-09-22,0,28,0,0,False,,none,2015,9,22,1,False,7.0,28,False,False
2015-09-23,0,41,0,0,False,,none,2015,9,23,2,False,10.25,41,False,False
2015-09-24,0,0,0,0,False,,none,2015,9,24,3,False,0.0,0,False,False
2015-09-25,0,0,0,0,False,,none,2015,9,25,4,False,0.0,0,False,False
2015-09-26,0,0,0,0,False,,none,2015,9,26,5,True,0.0,0,False,False
2015-09-27,0,51,0,0,False,,none,2015,9,27,6,True,12.75,51,False,False
2015-09-28,0,0,0,0,False,,none,2015,9,28,0,False,0.0,0,False,False
2015-09-29,0,0,0,0,False,,none,2015,9,29,1,False,0.0,0,False,False
2015-09-30,0,0,0,0,False,,none,2015,9,30,2,False,0.0,0,False,False
2015-10-01,0,43,0,0,False,,none,2015,10,1,3,False,10.75,43,False,False
2015-10-02,0,0,0,0,False,,none,2015,10,2,4,False,0.0,0,False,False
2015-10-03,0,0,0,0,False,,none,2015,10,3,5,True,0.0,0,False,False
2015-10-04,0,0,0,0,False,,none,2015,10,4,6,True,0.0,0,False,False
2015-10-05,0,27,0,0,False,,none,2015,10,5,0,False,6.75,27,False,False
2015-10-06,0,0,0,0,False,,none,2015,10,6,1,False,0.0,0,False,False
2015-10-07,0,0,0,0,False,,none,2015,10,7,2,False,0.0,0,False,False
2015-10-08,0,34,0,0,False,,none,2015,10,8,3,False,8.5,34,False,False
2015-10-09,0,0,0,0,False,,none,2015,10,9,4,False,0.0,0,False,False
2015-10-10,0,0,0,0,False,,none,2015,10,10,5,True,0.0,0,False,False
2015-10-11,0,0,0,0,False,,none,2015,10,11,6,True,0.0,0,False,False
2015-10-12,0,0,0,0,False,,none,2015,10,12,0,False,0.0,0,False,False
2015-10-13,0,0,0,0,False,,none,2015,10,13,1,False,0.0,0,False,False
2015-10-14,0,0,0,0,False,,none,2015,10,14,2,False,0.0,0,False,False
2015-10-15,0,0,0,0,False,,none,2015,10,15,3,False,0.0,0,False,False
2015-10-16,0,0,0,0,False,,none,2015,10,16,4,False,0.0,0,False,False
2015-10-17,0,0,0,0,False,,none,2015,10,17,5,True,0.0,0,False,False
2015-10-18,0,0,0,0,False,,none,2015,10,18,6,True,0.0,0,False,False
2015-10-19,0,30,0,0,False,,none,2015,10,19,0,False,7.5,30,False,False
2015-10-20,0,0,0,0,False,,none,2015,10,20,1,False,0.0,0,False,False
2015-10-21,0,0,0,0,False,,none,2015,10,21,2,False,0.0,0,False,False
2015-10-22,0,0,0,0,False,,none,2015,10,22,3,False,0.0,0,False,False
2015-10-23,0,0,0,0,False,,none,2015,10,23,4,False,0.0,0,False,False
2015-10-24,0,0,0,0,False,,none,2015,10,24,5,True,0.0,0,False,False
2015-10-25,0,0,0,0,False,,none,2015,10,25,6,True,0.0,0,False,False
2015-10-26,0,0,0,0,False,,none,2015,10,26,0,False,0.0,0,False,False
2015-10-27,0,0,0,0,False,,none,2015,10,27,1,False,0.0,0,False,False
2015-10-28,0,83,0,0,False,,none,2015,10,28,2,False,20.75,83,False,False
2015-10-29,0,0,0,0,False,,none,2015,10,29,3,False,0.0,0,False,False
2015-10-30,0,0,0,0,False,,none,2015,10,30,4,False,0.0,0,False,False
2015-10-31,0,100,0,0,False,,none,2015,10,31,5,True,25.0,100,False,False
2015-11-01,0,0,0,0,False,,none,2015,11,1,6,True,0.0,0,False,False
2015-11-02,0,61,0,0,False,,none,2015,11,2,0,False,15.25,61,False,False
2015-11-03,0,0,0,0,False,,none,2015,11,3,1,False,0.0,0,False,False
2015-11-04,0,67,0,0,False,,none,2015,11,4,2,False,16.75,67,False,False
2015-11-05,0,0,0,0,False,,none,2015,11,5,3,False,0.0,0,False,False
2015-11-06,0,0,0,0,False,,none,2015,11,6,4,False,0.0,0,False,False
2015-11-07,0,0,0,0,False,,none,2015,11,7,5,True,0.0,0,False,False
2015-11-08,0,0,0,0,False,,none,2015,11,8,6,True,0.0,0,False,False
2015-11-09,0,95,0,0,False,,none,2015,11,9,0,False,23.75,95,False,False
2015-11-10,0,0,0,0,False,,none,2015,11,10,1,False,0.0,0,False,False
2015-11-11,0,0,0,0,False,,none,2015,11,11,2,False,0.0,0,False,False
2015-11-12,0,0,0,0,False,,none,2015,11,12,3,False,0.0,0,False,False
2015-11-13,0,0,0,0,False,,none,2015,11,13,4,False,0.0,0,False,False
2015-11-14,0,0,0,0,False,,none,2015,11,14,5,True,0.0,0,False,False
2015-11-15,0,0,0,0,False,,none,2015,11,15,6,True,0.0,0,False,False
2015-11-16,0,0,0,0,False,,none,2015,11,16,0,False,0.0,0,False,False
2015-11-17,0,0,0,0,False,,none,2015,11,17,1,False,0.0,0,False,False
2015-11-18,0,0,0,0,False,,none,2015,11,18,2,False,0.0,0,False,False
2015-11-19,0,0,0,0,False,,none,2015,11,19,3,False,0.0,0,False,False
2015-11-20,0,0,0,0,False,,none,2015,11,20,4,False,0.0,0,False,False
2015-11-21,0,0,0,0,False,,none,2015,11,21,5,True,0.0,0,False,False
2015-11-22,0,0,0,0,False,,none,2015,11,22,6,True,0.0,0,False,False
2015-11-23,0,0,0,0,False,,none,2015,11,23,0,False,0.0,0,False,False
2015-11-24,0,0,0,0,False,,none,2015,11,24,1,False,0.0,0,False,False
2015-11-25,0,0,0,0,False,,none,2015,11,25,2,False,0.0,0,False,False
2015-11-26,0,0,0,0,False,,none,2015,11,26,3,False,0.0,0,False,False
2015-11-27,0,0,0,0,False,,none,2015,11,27,4,False,0.0,0,False,False
2015-11-28,0,0,0,0,False,,none,2015,11,28,5,True,0.0,0,False,False
2015-11-29,0,0,0,0,False,,none,2015,11,29,6,True,0.0,0,False,False
2015-11-30,0,0,0,0,False,,none,2015,11,30,0,False,0.0,0,False,False
2015-12-01,0,0,0,0,False,,none,2015,12,1,1,False,0.0,0,False,False
2015-12-02,0,0,0,0,False,,none,2015,12,2,2,False,0.0,0,False,False
2015-12-03,0,0,0,0,False,,none,2015,12,3,3,False,0.0,0,False,False
2015-12-04,0,0,0,0,False,,none,2015,12,4,4,False,0.0,0,False,False
2015-12-05,0,0,0,0,False,,none,2015,12,5,5,True,0.0,0,False,False
2015-12-06,0,0,0,0,False,,none,2015,12,6,6,True,0.0,0,False,False
2015-12-07,0,0,0,0,False,,none,2015,12,7,0,False,0.0,0,True,False
2015-12-08,0,0,0,0,True,Immaculate Conception,public,2015,12,8,1,False,0.0,0,False,False
2015-12-09,0,0,0,0,False,,none,2015,12,9,2,False,0.0,0,False,True
2015-12-10,0,61,0,0,False,,none,2015,12,10,3,False,15.25,61,False,False
2015-12-11,0,0,0,0,False,,none,2015,12,11,4,False,0.0,0,False,False
2015-12-12,0,0,0,0,False,,none,2015,12,12,5,True,0.0,0,False,False
2015-12-13,0,0,0,0,False,,none,2015,12,13,6,True,0.0,0,False,False
2015-12-14,0,0,0,0,False,,none,2015,12,14,0,False,0.0,0,False,False
2015-12-15,61,0,0,0,False,,none,2015,12,15,1,False,15.25,61,False,False
2015-12-16,0,0,0,0,False,,none,2015,12,16,2,False,0.0,0,False,False
2015-12-17,0,0,0,0,False,,none,2015,12,17,3,False,0.0,0,False,False
2015-12-18,0,0,0,0,False,,none,2015,12,18,4,False,0.0,0,False,False
2015-12-19,0,0,0,0,False,,none,2015,12,19,5,True,0.0,0,False,False
2015-12-20,0,0,0,0,False,,none,2015,12,20,6,True,0.0,0,False,False
2015-12-21,0,0,0,0,False,,none,2015,12,21,0,False,0.0,0,False,False
2015-12-22,0,95,0,0,False,,none,2015,12,22,1,False,23.75,95,False,False
2015-12-23,0,0,0,0,False,,none,2015,12,23,2,False,0.0,0,False,False
2015-12-24,0,0,0,0,False,,none,2015,12,24,3,False,0.0,0,True,False
2015-12-25,0,0,0,0,True,Christmas Day,religious,2015,12,25,4,False,0.0,0,False,False
2015-12-26,0,0,0,0,False,,none,2015,12,26,5,True,0.0,0,False,True
2015-12-27,0,70,0,0,False,,none,2015,12,27,6,True,17.5,70,False,False
2015-12-28,0,0,0,0,False,,none,2015,12,28,0,False,0.0,0,False,False
2015-12-29,0,0,0,0,False,,none,2015,12,29,1,False,0.0,0,False,False
2015-12-30,0,62,0,0,False,,none,2015,12,30,2,False,15.5,62,False,False
2015-12-31,0,0,0,0,False,,none,2015,12,31,3,False,0.0,0,True,False
2016-01-01,0,0,0,0,True,New Year's Day,public,2016,1,1,4,False,0.0,0,False,False
2016-01-02,0,0,0,0,False,,none,2016,1,2,5,True,0.0,0,False,True
2016-01-03,0,0,0,0,False,,none,2016,1,3,6,True,0.0,0,False,False
2016-01-04,0,0,0,0,False,,none,2016,1,4,0,False,0.0,0,False,False
2016-01-05,0,0,0,0,False,,none,2016,1,5,1,False,0.0,0,False,False
2016-01-06,0,54,0,0,False,,none,2016,1,6,2,False,13.5,54,False,False
2016-01-07,0,0,0,0,False,,none,2016,1,7,3,False,0.0,0,False,False
2016-01-08,0,0,0,0,False,,none,2016,1,8,4,False,0.0,0,False,False
2016-01-09,0,0,0,0,False,,none,2016,1,9,5,True,0.0,0,False,False
2016-01-10,0,0,0,0,False,,none,2016,1,10,6,True,0.0,0,False,False
2016-01-11,0,0,0,0,False,,none,2016,1,11,0,False,0.0,0,False,False
2016-01-12,0,0,0,0,False,,none,2016,1,12,1,False,0.0,0,False,False
2016-01-13,0,53,0,0,False,,none,2016,1,13,2,False,13.25,53,False,False
2016-01-14,0,47,0,0,False,,none,2016,1,14,3,False,11.75,47,False,False
2016-01-15,52,0,0,0,False,,none,2016,1,15,4,False,13.0,52,False,False
2016-01-16,0,0,0,0,False,,none,2016,1,16,5,True,0.0,0,False,False
2016-01-17,0,0,0,0,False,,none,2016,1,17,6,True,0.0,0,False,False
2016-01-18,0,46,0,0,False,,none,2016,1,18,0,False,11.5,46,False,False
2016-01-19,0,0,0,0,False,,none,2016,1,19,1,False,0.0,0,False,False
2016-01-20,0,50,0,0,False,,none,2016,1,20,2,False,12.5,50,False,False
2016-01-21,0,48,0,0,False,,none,2016,1,21,3,False,12.0,48,False,False
2016-01-22,0,84,0,0,False,,none,2016,1,22,4,False,21.0,84,False,False
2016-01-23,0,59,0,0,False,,none,2016,1,23,5,True,14.75,59,False,False
2016-01-24,0,0,0,0,False,,none,2016,1,24,6,True,0.0,0,False,False
2016-01-25,0,63,0,0,False,,none,2016,1,25,0,False,15.75,63,False,False
2016-01-26,0,0,0,0,False,,none,2016,1,26,1,False,0.0,0,False,False
2016-01-27,0,58,0,0,False,,none,2016,1,27,2,False,14.5,58,False,False
2016-01-28,0,79,0,0,False,,none,2016,1,28,3,False,19.75,79,False,False
2016-01-29,0,0,0,0,False,,none,2016,1,29,4,False,0.0,0,False,False
2016-01-30,0,0,0,0,False,,none,2016,1,30,5,True,0.0,0,False,False
2016-01-31,0,75,0,0,False,,none,2016,1,31,6,True,18.75,75,False,False
2016-02-01,0,55,0,0,False,,none,2016,2,1,0,False,13.75,55,False,False
2016-02-02,0,0,0,0,False,,none,2016,2,2,1,False,0.0,0,False,False
2016-02-03,0,100,0,0,False,,none,2016,2,3,2,False,25.0,100,False,False
2016-02-04,0,53,0,0,False,,none,2016,2,4,3,False,13.25,53,False,False
2016-02-05,0,52,0,0,False,,none,2016,2,5,4,False,13.0,52,False,False
2016-02-06,0,0,0,0,False,,none,2016,2,6,5,True,0.0,0,False,False
2016-02-07,0,96,0,0,False,,none,2016,2,7,6,True,24.0,96,False,False
2016-02-08,0,90,0,0,False,,none,2016,2,8,0,False,22.5,90,False,False
2016-02-09,0,79,0,0,False,,none,2016,2,9,1,False,19.75,79,False,False
2016-02-10,0,53,0,0,False,,none,2016,2,10,2,False,13.25,53,False,False
2016-02-11,0,0,0,0,False,,none,2016,2,11,3,False,0.0,0,False,False
2016-02-12,0,46,0,0,False,,none,2016,2,12,4,False,11.5,46,False,False
2016-02-13,0,79,0,0,False,,none,2016,2,13,5,True,19.75,79,False,False
2016-02-14,0,0,0,0,False,,none,2016,2,14,6,True,0.0,0,False,False
2016-02-15,0,60,0,0,False,,none,2016,2,15,0,False,15.0,60,False,False
2016-02-16,0,0,0,0,False,,none,2016,2,16,1,False,0.0,0,False,False
2016-02-17,0,0,0,0,False,,none,2016,2,17,2,False,0.0,0,False,False
2016-02-18,0,63,0,0,False,,none,2016,2,18,3,False,15.75,63,False,False
2016-02-19,0,0,0,0,False,,none,2016,2,19,4,False,0.0,0,False,False
2016-02-20,0,0,0,0,False,,none,2016,2,20,5,True,0.0,0,False,False
2016-02-21,0,70,0,0,False,,none,2016,2,21,6,True,17.5,70,False,False
2016-02-22,0,64,0,0,False,,none,2016,2,22,0,False,16.0,64,False,False
2016-02-23,0,58,0,0,False,,none,2016,2,23,1,False,14.5,58,False,False
2016-02-24,0,54,0,0,False,,none,2016,2,24,2,False,13.5,54,False,False
2016-02-25,0,0,0,0,False,,none,2016,2,25,3,False,0.0,0,False,False
2016-02-26,0,50,0,0,False,,none,2016,2,26,4,False,12.5,50,False,False
2016-02-27,0,48,0,0,False,,none,2016,2,27,5,True,12.0,48,False,False
2016-02-28,0,51,0,0,False,,none,2016,2,28,6,True,12.75,51,False,False
2016-02-29,0,40,0,0,False,,none,2016,2,29,0,False,10.0,40,False,False
2016-03-01,0,54,0,0,False,,none,2016,3,1,1,False,13.5,54,False,False
2016-03-02,0,53,0,0,False,,none,2016,3,2,2,False,13.25,53,False,False
2016-03-03,0,45,0,0,False,,none,2016,3,3,3,False,11.25,45,False,False
2016-03-04,0,45,0,0,False,,none,2016,3,4,4,False,11.25,45,False,False
2016-03-05,0,52,0,0,False,,none,2016,3,5,5,True,13.0,52,False,False
2016-03-06,0,62,0,0,False,,none,2016,3,6,6,True,15.5,62,False,False
2016-03-07,0,71,0,0,False,,none,2016,3,7,0,False,17.75,71,False,False
2016-03-08,0,59,0,0,False,,none,2016,3,8,1,False,14.75,59,False,False
2016-03-09,0,43,0,0,False,,none,2016,3,9,2,False,10.75,43,False,False
2016-03-10,0,0,0,0,False,,none,2016,3,10,3,False,0.0,0,False,False
2016-03-11,0,100,0,0,False,,none,2016,3,11,4,False,25.0,100,False,False
2016-03-12,0,0,0,0,False,,none,2016,3,12,5,True,0.0,0,False,False
2016-03-13,0,81,0,0,False,,none,2016,3,13,6,True,20.25,81,False,False
2016-03-14,0,50,0,0,False,,none,2016,3,14,0,False,12.5,50,False,False
2016-03-15,0,64,0,0,False,,none,2016,3,15,1,False,16.0,64,False,False
2016-03-16,0,56,0,0,False,,none,2016,3,16,2,False,14.0,56,False,False
2016-03-17,0,58,0,0,False,,none,2016,3,17,3,False,14.5,58,False,False
2016-03-18,0,41,0,0,False,,none,2016,3,18,4,False,10.25,41,False,False
2016-03-19,0,0,0,0,False,,none,2016,3,19,5,True,0.0,0,False,False
2016-03-20,0,67,0,0,False,,none,2016,3,20,6,True,16.75,67,False,False
2016-03-21,0,61,0,0,False,,none,2016,3,21,0,False,15.25,61,False,False
2016-03-22,0,64,0,0,False,,none,2016,3,22,1,False,16.0,64,False,False
2016-03-23,0,61,0,0,False,,none,2016,3,23,2,False,15.25,61,False,False
2016-03-24,0,80,0,0,False,,none,2016,3,24,3,False,20.0,80,True,False
2016-03-25,0,0,0,0,True,Good Friday,public,2016,3,25,4,False,0.0,0,False,False
2016-03-26,0,48,0,0,False,,none,2016,3,26,5,True,12.0,48,True,True
2016-03-27,0,52,0,0,True,Easter Sunday,religious,2016,3,27,6,True,13.0,52,False,False
2016-03-28,46,69,0,0,False,,none,2016,3,28,0,False,28.75,69,False,True
2016-03-29,0,66,0,0,False,,none,2016,3,29,1,False,16.5,66,False,False
2016-03-30,0,76,0,0,False,,none,2016,3,30,2,False,19.0,76,False,False
2016-03-31,0,72,0,0,False,,none,2016,3,31,3,False,18.0,72,False,False
2016-04-01,0,0,0,0,False,,none,2016,4,1,4,False,0.0,0,False,False
2016-04-02,49,59,0,0,False,,none,2016,4,2,5,True,27.0,59,False,False
2016-04-03,0,50,0,0,False,,none,2016,4,3,6,True,12.5,50,False,False
2016-04-04,0,63,0,0,False,,none,2016,4,4,0,False,15.75,63,False,False
2016-04-05,0,58,0,0,False,,none,2016,4,5,1,False,14.5,58,False,False
2016-04-06,41,0,0,0,False,,none,2016,4,6,2,False,10.25,41,False,False
2016-04-07,0,66,0,0,False,,none,2016,4,7,3,False,16.5,66,False,False
2016-04-08,0,74,0,0,False,,none,2016,4,8,4,False,18.5,74,False,False
2016-04-09,0,100,0,0,False,,none,2016,4,9,5,True,25.0,100,False,False
2016-04-10,0,73,0,0,False,,none,2016,4,10,6,True,18.25,73,False,False
2016-04-11,0,83,0,0,False,,none,2016,4,11,0,False,20.75,83,False,False
2016-04-12,0,69,0,0,False,,none,2016,4,12,1,False,17.25,69,False,False
2016-04-13,0,39,0,0,False,,none,2016,4,13,2,False,9.75,39,False,False
2016-04-14,0,82,0,0,False,,none,2016,4,14,3,False,20.5,82,False,False
2016-04-15,0,64,0,0,False,,none,2016,4,15,4,False,16.0,64,False,False
2016-04-16,0,67,0,0,False,,none,2016,4,16,5,True,16.75,67,False,False
2016-04-17,0,77,0,0,False,,none,2016,4,17,6,True,19.25,77,False,False
2016-04-18,0,65,0,0,False,,none,2016,4,18,0,False,16.25,65,False,False
2016-04-19,0,53,0,0,False,,none,2016,4,19,1,False,13.25,53,False,False
2016-04-20,0,63,0,0,False,,none,2016,4,20,2,False,15.75,63,False,False
2016-04-21,0,69,0,0,False,,none,2016,4,21,3,False,17.25,69,False,False
2016-04-22,0,46,0,0,False,,none,2016,4,22,4,False,11.5,46,False,False
2016-04-23,0,71,0,0,False,,none,2016,4,23,5,True,17.75,71,False,False
2016-04-24,0,0,0,0,False,,none,2016,4,24,6,True,0.0,0,True,False
2016-04-25,0,63,0,0,True,Freedom Day,public,2016,4,25,0,False,15.75,63,False,False
2016-04-26,0,66,0,0,False,,none,2016,4,26,1,False,16.5,66,False,True
2016-04-27,0,66,0,0,False,,none,2016,4,27,2,False,16.5,66,False,False
2016-04-28,0,0,0,0,False,,none,2016,4,28,3,False,0.0,0,False,False
2016-04-29,0,0,0,0,False,,none,2016,4,29,4,False,0.0,0,False,False
2016-04-30,0,55,0,0,False,,none,2016,4,30,5,True,13.75,55,True,False
2016-05-01,0,0,0,0,True,Labor Day,public,2016,5,1,6,True,0.0,0,False,False
2016-05-02,0,40,0,0,False,,none,2016,5,2,0,False,10.0,40,False,True
2016-05-03,0,0,0,0,False,,none,2016,5,3,1,False,0.0,0,False,False
2016-05-04,0,39,0,0,False,,none,2016,5,4,2,False,9.75,39,False,False
2016-05-05,0,46,0,0,False,,none,2016,5,5,3,False,11.5,46,False,False
2016-05-06,0,47,0,0,False,,none,2016,5,6,4,False,11.75,47,False,False
2016-05-07,0,59,0,0,False,,none,2016,5,7,5,True,14.75,59,False,False
2016-05-08,0,49,0,0,False,,none,2016,5,8,6,True,12.25,49,False,False
2016-05-09,0,43,0,0,False,,none,2016,5,9,0,False,10.75,43,False,False
2016-05-10,0,40,0,0,False,,none,2016,5,10,1,False,10.0,40,False,False
2016-05-11,0,57,0,0,False,,none,2016,5,11,2,False,14.25,57,False,False
2016-05-12,0,52,0,0,False,,none,2016,5,12,3,False,13.0,52,False,False
2016-05-13,0,36,0,0,False,,none,2016,5,13,4,False,9.0,36,False,False
2016-05-14,0,0,0,0,False,,none,2016,5,14,5,True,0.0,0,False,False
2016-05-15,0,49,0,0,False,,none,2016,5,15,6,True,12.25,49,False,False
2016-05-16,0,59,0,0,False,,none,2016,5,16,0,False,14.75,59,False,False
2016-05-17,0,82,0,0,False,,none,2016,5,17,1,False,20.5,82,False,False
2016-05-18,0,35,0,0,False,,none,2016,5,18,2,False,8.75,35,False,False
2016-05-19,0,56,0,0,False,,none,2016,5,19,3,False,14.0,56,False,False
2016-05-20,0,76,0,0,False,,none,2016,5,20,4,False,19.0,76,False,False
2016-05-21,0,53,0,0,False,,none,2016,5,21,5,True,13.25,53,False,False
2016-05-22,0,87,0,0,False,,none,2016,5,22,6,True,21.75,87,False,False
2016-05-23,0,77,0,0,False,,none,2016,5,23,0,False,19.25,77,False,False
2016-05-24,0,67,0,0,False,,none,2016,5,24,1,False,16.75,67,False,False
2016-05-25,0,71,0,0,False,,none,2016,5,25,2,False,17.75,71,True,False
2016-05-26,0,72,0,0,True,Corpus Christi,public,2016,5,26,3,False,18.0,72,False,False
2016-05-27,0,65,0,0,False,,none,2016,5,27,4,False,16.25,65,False,True
2016-05-28,0,42,0,0,False,,none,2016,5,28,5,True,10.5,42,False,False
2016-05-29,0,62,0,0,False,,none,2016,5,29,6,True,15.5,62,False,False
2016-05-30,0,86,0,0,False,,none,2016,5,30,0,False,21.5,86,False,False
2016-05-31,0,37,0,0,False,,none,2016,5,31,1,False,9.25,37,False,False
2016-06-01,0,72,0,0,False,,none,2016,6,1,2,False,18.0,72,False,False
2016-06-02,0,90,0,0,False,,none,2016,6,2,3,False,22.5,90,False,False
2016-06-03,0,56,0,0,False,,none,2016,6,3,4,False,14.0,56,False,False
2016-06-04,0,89,0,0,False,,none,2016,6,4,5,True,22.25,89,False,False
2016-06-05,0,82,0,0,False,,none,2016,6,5,6,True,20.5,82,False,False
2016-06-06,0,74,0,0,False,,none,2016,6,6,0,False,18.5,74,False,False
2016-06-07,0,80,0,0,False,,none,2016,6,7,1,False,20.0,80,False,False
2016-06-08,0,56,0,0,False,,none,2016,6,8,2,False,14.0,56,False,False
2016-06-09,0,65,0,0,False,,none,2016,6,9,3,False,16.25,65,True,False
2016-06-10,0,91,0,0,True,"Day of Portugal, Camões, and the Portuguese Communities",public,2016,6,10,4,False,22.75,91,False,False
2016-06-11,0,79,0,0,False,,none,2016,6,11,5,True,19.75,79,False,True
2016-06-12,0,83,0,0,False,,none,2016,6,12,6,True,20.75,83,False,False
2016-06-13,0,96,0,0,False,,none,2016,6,13,0,False,24.0,96,False,False
2016-06-14,0,67,0,0,False,,none,2016,6,14,1,False,16.75,67,False,False
2016-06-15,0,63,0,0,False,,none,2016,6,15,2,False,15.75,63,False,False
2016-06-16,36,100,0,0,False,,none,2016,6,16,3,False,34.0,100,False,False
2016-06-17,0,66,0,0,False,,none,2016,6,17,4,False,16.5,66,False,False
2016-06-18,0,74,0,0,False,,none,2016,6,18,5,True,18.5,74,False,False
2016-06-19,0,95,0,0,False,,none,2016,6,19,6,True,23.75,95,False,False
2016-06-20,0,87,0,0,False,,none,2016,6,20,0,False,21.75,87,False,False
2016-06-21,0,90,48,0,False,,none,2016,6,21,1,False,34.5,90,False,False
2016-06-22,0,86,0,0,False,,none,2016,6,22,2,False,21.5,86,False,False
2016-06-23,0,69,0,0,False,,none,2016,6,23,3,False,17.25,69,False,False
2016-06-24,0,57,0,0,False,,none,2016,6,24,4,False,14.25,57,False,False
2016-08-25,0,57,0,0,False,,none,2016,8,25,3,False,14.25,57,False,False
2016-08-26,0,47,0,0,False,,none,2016,8,26,4,False,11.75,47,False,False
2016-08-27,0,57,0,0,False,,none,2016,8,27,5,True,14.25,57,False,False
2016-08-28,0,65,38,0,False,,none,2016,8,28,6,True,25.75,65,False,False
2016-08-29,0,45,0,0,False,,none,2016,8,29,0,False,11.25,45,False,False
2016-08-30,0,64,0,0,False,,none,2016,8,30,1,False,16.0,64,False,False
2016-08-31,0,94,0,0,False,,none,2016,8,31,2,False,23.5,94,False,False
2016-09-01,0,0,0,0,False,,none,2016,9,1,3,False,0.0,0,False,False
2016-09-02,0,47,0,0,False,,none,2016,9,2,4,False,11.75,47,False,False
2016-09-03,0,80,0,0,False,,none,2016,9,3,5,True,20.0,80,False,False
2016-09-04,0,52,0,0,False,,none,2016,9,4,6,True,13.0,52,False,False
2016-09-05,0,64,0,0,False,,none,2016,9,5,0,False,16.0,64,False,False
2016-09-06,0,58,0,0,False,,none,2016,9,6,1,False,14.5,58,False,False
2016-09-07,0,0,0,0,False,,none,2016,9,7,2,False,0.0,0,False,False
2016-09-08,0,100,0,0,False,,none,2016,9,8,3,False,25.0,100,False,False
2016-09-09,0,42,0,0,False,,none,2016,9,9,4,False,10.5,42,False,False
2016-09-10,0,38,0,0,False,,none,2016,9,10,5,True,9.5,38,False,False
2016-09-11,0,63,0,0,False,,none,2016,9,11,6,True,15.75,63,False,False
2016-09-12,0,35,0,0,False,,none,2016,9,12,0,False,8.75,35,False,False
2016-09-13,0,39,0,0,False,,none,2016,9,13,1,False,9.75,39,False,False
2016-09-14,0,0,0,0,False,,none,2016,9,14,2,False,0.0,0,False,False
2016-09-15,0,0,0,0,False,,none,2016,9,15,3,False,0.0,0,False,False
2016-09-16,0,41,0,0,False,,none,2016,9,16,4,False,10.25,41,False,False
2016-09-17,0,0,0,0,False,,none,2016,9,17,5,True,0.0,0,False,False
2016-09-18,0,64,0,0,False,,none,2016,9,18,6,True,16.0,64,False,False
2016-09-19,0,0,0,0,False,,none,2016,9,19,0,False,0.0,0,False,False
2016-09-20,0,0,0,0,False,,none,2016,9,20,1,False,0.0,0,False,False
2016-09-21,0,0,0,0,False,,none,2016,9,21,2,False,0.0,0,False,False
2016-09-22,0,0,0,0,False,,none,2016,9,22,3,False,0.0,0,False,False
2016-09-23,0,38,0,0,False,,none,2016,9,23,4,False,9.5,38,False,False
2016-09-24,0,0,0,0,False,,none,2016,9,24,5,True,0.0,0,False,False
2016-09-25,0,50,0,0,False,,none,2016,9,25,6,True,12.5,50,False,False
2016-09-26,0,40,0,0,False,,none,2016,9,26,0,False,10.0,40,False,False
2016-09-27,0,0,0,0,False,,none,2016,9,27,1,False,0.0,0,False,False
2016-09-28,0,31,0,0,False,,none,2016,9,28,2,False,7.75,31,False,False
2016-09-29,0,40,0,0,False,,none,2016,9,29,3,False,10.0,40,False,False
2016-09-30,0,31,0,0,False,,none,2016,9,30,4,False,7.75,31,False,False
2016-10-01,0,37,0,0,False,,none,2016,10,1,5,True,9.25,37,False,False
2016-10-02,0,0,0,0,False,,none,2016,10,2,6,True,0.0,0,False,False
2016-10-03,0,38,0,0,False,,none,2016,10,3,0,False,9.5,38,False,False
2016-10-04,0,32,0,0,False,,none,2016,10,4,1,False,8.0,32,True,False
2016-10-05,0,0,0,0,True,Republic Day,national,2016,10,5,2,False,0.0,0,False,False
2016-10-06,0,30,0,0,False,,none,2016,10,6,3,False,7.5,30,False,True
2016-10-07,0,0,0,0,False,,none,2016,10,7,4,False,0.0,0,False,False
2016-10-08,0,42,0,0,False,,none,2016,10,8,5,True,10.5,42,False,False
2016-10-09,0,0,0,0,False,,none,2016,10,9,6,True,0.0,0,False,False
2016-10-10,0,31,0,0,False,,none,2016,10,10,0,False,7.75,31,False,False
2016-10-11,0,0,0,0,False,,none,2016,10,11,1,False,0.0,0,False,False
2016-10-12,0,0,0,0,False,,none,2016,10,12,2,False,0.0,0,False,False
2016-10-13,0,0,0,0,False,,none,2016,10,13,3,False,0.0,0,False,False
2016-10-14,0,0,0,0,False,,none,2016,10,14,4,False,0.0,0,False,False
2016-10-15,0,0,0,0,False,,none,2016,10,15,5,True,0.0,0,False,False
2016-10-16,0,0,0,0,False,,none,2016,10,16,6,True,0.0,0,False,False
2016-10-17,0,0,0,0,False,,none,2016,10,17,0,False,0.0,0,False,False
2016-10-18,0,0,0,0,False,,none,2016,10,18,1,False,0.0,0,False,False
2016-10-19,0,0,0,0,False,,none,2016,10,19,2,False,0.0,0,False,False
2016-10-20,0,0,0,0,False,,none,2016,10,20,3,False,0.0,0,False,False
2016-10-21,0,38,0,0,False,,none,2016,10,21,4,False,9.5,38,False,False
2016-10-22,0,46,0,0,False,,none,2016,10,22,5,True,11.5,46,False,False
2016-10-23,0,33,0,0,False,,none,2016,10,23,6,True,8.25,33,False,False
2016-10-24,0,0,0,0,False,,none,2016,10,24,0,False,0.0,0,False,False
2016-10-25,0,0,0,0,False,,none,2016,10,25,1,False,0.0,0,False,False
2016-10-26,0,55,0,0,False,,none,2016,10,26,2,False,13.75,55,False,False
2016-10-27,0,0,0,0,False,,none,2016,10,27,3,False,0.0,0,False,False
2016-10-28,0,43,0,0,False,,none,2016,10,28,4,False,10.75,43,False,False
2016-10-29,0,0,0,0,False,,none,2016,10,29,5,True,0.0,0,False,False
2016-10-30,0,0,0,0,False,,none,2016,10,30,6,True,0.0,0,False,False
2016-10-31,0,0,0,0,False,,none,2016,10,31,0,False,0.0,0,True,False
2016-11-01,0,0,0,0,True,All Saints' Day,public,2016,11,1,1,False,0.0,0,False,False
2016-11-02,0,0,0,0,False,,none,2016,11,2,2,False,0.0,0,False,True
2016-11-03,0,0,0,0,False,,none,2016,11,3,3,False,0.0,0,False,False
2016-11-04,0,0,0,0,False,,none,2016,11,4,4,False,0.0,0,False,False
2016-11-05,0,0,0,0,False,,none,2016,11,5,5,True,0.0,0,False,False
2016-11-06,0,0,0,0,False,,none,2016,11,6,6,True,0.0,0,False,False
2016-11-07,0,0,0,0,False,,none,2016,11,7,0,False,0.0,0,False,False
2016-11-08,0,0,0,0,False,,none,2016,11,8,1,False,0.0,0,False,False
2016-11-09,0,0,0,0,False,,none,2016,11,9,2,False,0.0,0,False,False
2016-11-10,0,0,0,0,False,,none,2016,11,10,3,False,0.0,0,False,False
2016-11-11,0,0,0,0,False,,none,2016,11,11,4,False,0.0,0,False,False
2016-11-12,0,58,0,0,False,,none,2016,11,12,5,True,14.5,58,False,False
2016-11-13,0,0,0,0,False,,none,2016,11,13,6,True,0.0,0,False,False
2016-11-14,0,0,0,0,False,,none,2016,11,14,0,False,0.0,0,False,False
2016-11-15,0,0,0,0,False,,none,2016,11,15,1,False,0.0,0,False,False
2016-11-16,0,0,0,0,False,,none,2016,11,16,2,False,0.0,0,False,False
2016-11-17,0,0,0,0,False,,none,2016,11,17,3,False,0.0,0,False,False
2016-11-18,0,0,0,0,False,,none,2016,11,18,4,False,0.0,0,False,False
2016-11-19,0,0,0,0,False,,none,2016,11,19,5,True,0.0,0,False,False
2016-11-20,0,0,0,0,False,,none,2016,11,20,6,True,0.0,0,False,False
2016-11-21,0,0,0,0,False,,none,2016,11,21,0,False,0.0,0,False,False
2016-11-22,0,51,0,0,False,,none,2016,11,22,1,False,12.75,51,False,False
2016-11-23,0,0,0,0,False,,none,2016,11,23,2,False,0.0,0,False,False
2016-11-24,0,0,0,0,False,,none,2016,11,24,3,False,0.0,0,False,False
2016-11-25,0,0,0,0,False,,none,2016,11,25,4,False,0.0,0,False,False
2016-11-26,0,0,0,0,False,,none,2016,11,26,5,True,0.0,0,False,False
2016-11-27,0,0,0,0,False,,none,2016,11,27,6,True,0.0,0,False,False
2016-11-28,0,0,0,0,False,,none,2016,11,28,0,False,0.0,0,False,False
2016-11-29,0,0,0,0,False,,none,2016,11,29,1,False,0.0,0,False,False
2016-11-30,0,0,0,0,False,,none,2016,11,30,2,False,0.0,0,True,False
2016-12-01,0,0,0,0,True,Restoration of Independence Day,public,2016,12,1,3,False,0.0,0,False,False
2016-12-02,0,0,0,0,False,,none,2016,12,2,4,False,0.0,0,False,True
2016-12-03,0,62,0,0,False,,none,2016,12,3,5,True,15.5,62,False,False
2016-12-04,0,0,0,0,False,,none,2016,12,4,6,True,0.0,0,False,False
2016-12-05,0,43,0,0,False,,none,2016,12,5,0,False,10.75,43,False,False
2016-12-06,0,0,0,0,False,,none,2016,12,6,1,False,0.0,0,False,False
2016-12-07,0,0,0,0,False,,none,2016,12,7,2,False,0.0,0,True,False
2016-12-08,0,0,0,0,True,Immaculate Conception,public,2016,12,8,3,False,0.0,0,False,False
2016-12-09,0,0,0,0,False,,none,2016,12,9,4,False,0.0,0,False,True
2016-12-10,0,0,0,0,False,,none,2016,12,10,5,True,0.0,0,False,False
2016-12-11,0,0,0,0,False,,none,2016,12,11,6,True,0.0,0,False,False
2016-12-12,0,0,0,0,False,,none,2016,12,12,0,False,0.0,0,False,False
2016-12-13,0,46,0,0,False,,none,2016,12,13,1,False,11.5,46,False,False
2016-12-14,0,0,0,0,False,,none,2016,12,14,2,False,0.0,0,False,False
2016-12-15,0,0,0,0,False,,none,2016,12,15,3,False,0.0,0,False,False
2016-12-16,0,0,0,0,False,,none,2016,12,16,4,False,0.0,0,False,False
2016-12-17,0,0,0,0,False,,none,2016,12,17,5,True,0.0,0,False,False
2016-12-18,0,0,0,0,False,,none,2016,12,18,6,True,0.0,0,False,False
2016-12-19,0,42,0,0,False,,none,2016,12,19,0,False,10.5,42,False,False
2016-12-20,0,0,0,0,False,,none,2016,12,20,1,False,0.0,0,False,False
2016-12-21,0,0,0,0,False,,none,2016,12,21,2,False,0.0,0,False,False
2016-12-22,0,0,0,0,False,,none,2016,12,22,3,False,0.0,0,False,False
2016-12-23,0,100,0,0,False,,none,2016,12,23,4,False,25.0,100,False,False
2016-12-24,0,0,0,0,False,,none,2016,12,24,5,True,0.0,0,True,False
2016-12-25,0,0,0,0,True,Christmas Day,religious,2016,12,25,6,True,0.0,0,False,False
2016-12-26,0,61,0,0,False,,none,2016,12,26,0,False,15.25,61,False,True
2016-12-27,0,89,0,0,False,,none,2016,12,27,1,False,22.25,89,False,False
2016-12-28,0,0,0,0,False,,none,2016,12,28,2,False,0.0,0,False,False
2016-12-29,0,0,0,0,False,,none,2016,12,29,3,False,0.0,0,False,False
2016-12-30,0,0,0,0,False,,none,2016,12,30,4,False,0.0,0,False,False
2016-12-31,0,0,0,0,False,,none,2016,12,31,5,True,0.0,0,True,False
2017-01-01,0,0,0,0,True,New Year's Day,public,2017,1,1,6,True,0.0,0,False,False
2017-01-02,0,62,0,0,False,,none,2017,1,2,0,False,15.5,62,False,True
2017-01-03,0,0,0,0,False,,none,2017,1,3,1,False,0.0,0,False,False
2017-01-04,0,0,0,0,False,,none,2017,1,4,2,False,0.0,0,False,False
2017-01-05,0,0,0,0,False,,none,2017,1,5,3,False,0.0,0,False,False
2017-01-06,0,0,0,0,False,,none,2017,1,6,4,False,0.0,0,False,False
2017-01-07,0,0,0,0,False,,none,2017,1,7,5,True,0.0,0,False,False
2017-01-08,0,67,0,0,False,,none,2017,1,8,6,True,16.75,67,False,False
2017-01-09,0,72,0,0,False,,none,2017,1,9,0,False,18.0,72,False,False
2017-01-10,0,51,0,0,False,,none,2017,1,10,1,False,12.75,51,False,False
2017-01-11,0,0,0,0,False,,none,2017,1,11,2,False,0.0,0,False,False
2017-01-12,0,0,0,0,False,,none,2017,1,12,3,False,0.0,0,False,False
2017-01-13,0,0,0,0,False,,none,2017,1,13,4,False,0.0,0,False,False
2017-01-14,0,0,0,0,False,,none,2017,1,14,5,True,0.0,0,False,False
2017-01-15,0,0,0,0,False,,none,2017,1,15,6,True,0.0,0,False,False
2017-01-16,0,0,0,0,False,,none,2017,1,16,0,False,0.0,0,False,False
2017-01-17,0,72,0,0,False,,none,2017,1,17,1,False,18.0,72,False,False
2017-01-18,0,0,0,0,False,,none,2017,1,18,2,False,0.0,0,False,False
2017-01-19,0,0,0,0,False,,none,2017,1,19,3,False,0.0,0,False,False
2017-01-20,0,0,0,0,False,,none,2017,1,20,4,False,0.0,0,False,False
2017-01-21,0,0,0,0,False,,none,2017,1,21,5,True,0.0,0,False,False
2017-01-22,0,0,0,0,False,,none,2017,1,22,6,True,0.0,0,False,False
2017-01-23,0,58,0,0,False,,none,2017,1,23,0,False,14.5,58,False,False
2017-01-24,0,0,0,0,False,,none,2017,1,24,1,False,0.0,0,False,False
2017-01-25,0,84,0,0,False,,none,2017,1,25,2,False,21.0,84,False,False
2017-01-26,0,66,0,0,False,,none,2017,1,26,3,False,16.5,66,False,False
2017-01-27,0,68,0,0,False,,none,2017,1,27,4,False,17.0,68,False,False
2017-01-28,0,0,0,0,False,,none,2017,1,28,5,True,0.0,0,False,False
2017-01-29,0,74,0,0,False,,none,2017,1,29,6,True,18.5,74,False,False
2017-01-30,0,0,0,0,False,,none,2017,1,30,0,False,0.0,0,False,False
2017-01-31,0,88,0,0,False,,none,2017,1,31,1,False,22.0,88,False,False
2017-02-01,0,99,0,0,False,,none,2017,2,1,2,False,24.75,99,False,False
2017-02-02,0,86,0,0,False,,none,2017,2,2,3,False,21.5,86,False,False
2017-02-03,0,57,0,0,False,,none,2017,2,3,4,False,14.25,57,False,False
2017-02-04,0,0,0,0,False,,none,2017,2,4,5,True,0.0,0,False,False
2017-02-05,0,81,0,0,False,,none,2017,2,5,6,True,20.25,81,False,False
2017-02-06,0,91,0,0,False,,none,2017,2,6,0,False,22.75,91,False,False
2017-02-07,0,68,0,0,False,,none,2017,2,7,1,False,17.0,68,False,False
2017-02-08,0,57,0,0,False,,none,2017,2,8,2,False,14.25,57,False,False
2017-02-09,0,91,0,0,False,,none,2017,2,9,3,False,22.75,91,False,False
2017-02-10,0,71,0,0,False,,none,2017,2,10,4,False,17.75,71,False,False
2017-02-11,0,0,0,0,False,,none,2017,2,11,5,True,0.0,0,False,False
2017-02-12,0,84,0,0,False,,none,2017,2,12,6,True,21.0,84,False,False
2017-02-13,0,90,0,0,False,,none,2017,2,13,0,False,22.5,90,False,False
2017-02-14,0,70,0,0,False,,none,2017,2,14,1,False,17.5,70,False,False
2017-02-15,0,63,0,0,False,,none,2017,2,15,2,False,15.75,63,False,False
2017-02-16,0,0,0,0,False,,none,2017,2,16,3,False,0.0,0,False,False
2017-02-17,0,100,0,0,False,,none,2017,2,17,4,False,25.0,100,False,False
2017-02-18,0,80,0,0,False,,none,2017,2,18,5,True,20.0,80,False,False
2017-02-19,0,87,0,0,False,,none,2017,2,19,6,True,21.75,87,False,False
2017-02-20,0,0,0,0,False,,none,2017,2,20,0,False,0.0,0,False,False
2017-02-21,0,93,0,0,False,,none,2017,2,21,1,False,23.25,93,False,False
2017-02-22,0,79,0,0,False,,none,2017,2,22,2,False,19.75,79,False,False
2017-02-23,0,51,0,0,False,,none,2017,2,23,3,False,12.75,51,False,False
2017-02-24,0,0,0,0,False,,none,2017,2,24,4,False,0.0,0,False,False
2017-02-25,0,46,0,0,False,,none,2017,2,25,5,True,11.5,46,False,False
2017-02-26,0,48,0,0,False,,none,2017,2,26,6,True,12.0,48,False,False
2017-02-27,0,43,0,0,False,,none,2017,2,27,0,False,10.75,43,False,False
2017-02-28,0,39,0,0,False,,none,2017,2,28,1,False,9.75,39,False,False
2017-03-01,0,44,0,0,False,,none,2017,3,1,2,False,11.0,44,False,False
2017-03-02,0,55,0,0,False,,none,2017,3,2,3,False,13.75,55,False,False
2017-03-03,0,0,0,0,False,,none,2017,3,3,4,False,0.0,0,False,False
2017-03-04,0,59,0,0,False,,none,2017,3,4,5,True,14.75,59,False,False
2017-03-05,0,44,0,0,False,,none,2017,3,5,6,True,11.0,44,False,False
2017-03-06,0,53,0,0,False,,none,2017,3,6,0,False,13.25,53,False,False
2017-03-07,0,0,0,0,False,,none,2017,3,7,1,False,0.0,0,False,False
2017-03-08,0,45,0,0,False,,none,2017,3,8,2,False,11.25,45,False,False
2017-03-09,0,40,0,0,False,,none,2017,3,9,3,False,10.0,40,False,False
2017-03-10,0,57,0,0,False,,none,2017,3,10,4,False,14.25,57,False,False
2017-03-11,0,47,0,0,False,,none,2017,3,11,5,True,11.75,47,False,False
2017-03-12,0,60,0,0,False,,none,2017,3,12,6,True,15.0,60,False,False
2017-03-13,0,37,0,0,False,,none,2017,3,13,0,False,9.25,37,False,False
2017-03-14,0,54,0,0,False,,none,2017,3,14,1,False,13.5,54,False,False
2017-03-15,0,44,0,0,False,,none,2017,3,15,2,False,11.0,44,False,False
2017-03-16,0,46,0,0,False,,none,2017,3,16,3,False,11.5,46,False,False
2017-03-17,0,45,0,0,False,,none,2017,3,17,4,False,11.25,45,False,False
2017-03-18,0,57,0,0,False,,none,2017,3,18,5,True,14.25,57,False,False
2017-03-19,0,58,0,0,False,,none,2017,3,19,6,True,14.5,58,False,False
2017-03-20,0,59,0,0,False,,none,2017,3,20,0,False,14.75,59,False,False
2017-03-21,32,49,0,0,False,,none,2017,3,21,1,False,20.25,49,False,False
2017-03-22,0,38,0,0,False,,none,2017,3,22,2,False,9.5,38,False,False
2017-03-23,0,47,0,0,False,,none,2017,3,23,3,False,11.75,47,False,False
2017-03-24,0,57,0,0,False,,none,2017,3,24,4,False,14.25,57,False,False
2017-03-25,0,84,0,0,False,,none,2017,3,25,5,True,21.0,84,False,False
2017-03-26,0,70,0,0,False,,none,2017,3,26,6,True,17.5,70,False,False
2017-03-27,0,50,0,0,False,,none,2017,3,27,0,False,12.5,50,False,False
2017-03-28,0,77,0,0,False,,none,2017,3,28,1,False,19.25,77,False,False
2017-03-29,0,64,0,0,False,,none,2017,3,29,2,False,16.0,64,False,False
2017-03-30,0,50,0,0,False,,none,2017,3,30,3,False,12.5,50,False,False
2017-03-31,0,54,0,0,False,,none,2017,3,31,4,False,13.5,54,False,False
2017-04-01,0,40,0,0,False,,none,2017,4,1,5,True,10.0,40,False,False
2017-04-02,0,55,0,0,False,,none,2017,4,2,6,True,13.75,55,False,False
2017-04-03,0,60,0,0,False,,none,2017,4,3,0,False,15.0,60,False,False
2017-04-04,0,75,0,0,False,,none,2017,4,4,1,False,18.75,75,False,False
2017-04-05,32,42,0,0,False,,none,2017,4,5,2,False,18.5,42,False,False
2017-04-06,0,81,0,0,False,,none,2017,4,6,3,False,20.25,81,False,False
2017-04-07,0,0,0,0,False,,none,2017,4,7,4,False,0.0,0,False,False
2017-04-08,0,100,0,0,False,,none,2017,4,8,5,True,25.0,100,False,False
2017-04-09,0,0,0,0,False,,none,2017,4,9,6,True,0.0,0,False,False
2017-04-10,0,75,0,0,False,,none,2017,4,10,0,False,18.75,75,False,False
2017-04-11,0,67,0,0,False,,none,2017,4,11,1,False,16.75,67,False,False
2017-04-12,0,63,0,0,False,,none,2017,4,12,2,False,15.75,63,False,False
2017-04-13,0,67,0,0,False,,none,2017,4,13,3,False,16.75,67,True,False
2017-04-14,0,77,0,0,True,Good Friday,public,2017,4,14,4,False,19.25,77,False,False
2017-04-15,0,57,0,50,False,,none,2017,4,15,5,True,26.75,57,True,True
2017-04-16,0,0,0,0,True,Easter Sunday,religious,2017,4,16,6,True,0.0,0,False,False
2017-04-17,0,61,0,0,False,,none,2017,4,17,0,False,15.25,61,False,True
2017-04-18,0,82,0,0,False,,none,2017,4,18,1,False,20.5,82,False,False
2017-04-19,0,39,0,0,False,,none,2017,4,19,2,False,9.75,39,False,False
2017-04-20,0,58,0,0,False,,none,2017,4,20,3,False,14.5,58,False,False
2017-04-21,0,84,0,0,False,,none,2017,4,21,4,False,21.0,84,False,False
2017-04-22,0,49,0,0,False,,none,2017,4,22,5,True,12.25,49,False,False
2017-04-23,0,56,0,0,False,,none,2017,4,23,6,True,14.0,56,False,False
2017-04-24,0,76,0,0,False,,none,2017,4,24,0,False,19.0,76,True,False
2017-04-25,0,72,0,0,True,Freedom Day,public,2017,4,25,1,False,18.0,72,False,False
2017-04-26,0,85,0,0,False,,none,2017,4,26,2,False,21.25,85,False,True
2017-04-27,0,0,0,0,False,,none,2017,4,27,3,False,0.0,0,False,False
2017-04-28,0,54,0,0,False,,none,2017,4,28,4,False,13.5,54,False,False
2017-04-29,0,45,0,0,False,,none,2017,4,29,5,True,11.25,45,False,False
2017-04-30,0,61,0,0,False,,none,2017,4,30,6,True,15.25,61,True,False
2017-05-01,0,57,0,0,True,Labor Day,public,2017,5,1,0,False,14.25,57,False,False
2017-05-02,0,70,0,0,False,,none,2017,5,2,1,False,17.5,70,False,True
2017-05-03,0,57,0,0,False,,none,2017,5,3,2,False,14.25,57,False,False
2017-05-04,0,0,0,0,False,,none,2017,5,4,3,False,0.0,0,False,False
2017-05-05,0,37,0,0,False,,none,2017,5,5,4,False,9.25,37,False,False
2017-05-06,0,0,0,0,False,,none,2017,5,6,5,True,0.0,0,False,False
2017-05-07,0,73,0,0,False,,none,2017,5,7,6,True,18.25,73,False,False
2017-05-08,0,65,0,0,False,,none,2017,5,8,0,False,16.25,65,False,False
2017-05-09,0,52,0,0,False,,none,2017,5,9,1,False,13.0,52,False,False
2017-05-10,0,68,0,0,False,,none,2017,5,10,2,False,17.0,68,False,False
2017-05-11,0,60,0,0,False,,none,2017,5,11,3,False,15.0,60,False,False
2017-05-12,0,0,0,0,False,,none,2017,5,12,4,False,0.0,0,False,False
2017-05-13,0,0,0,0,False,,none,2017,5,13,5,True,0.0,0,False,False
2017-05-14,0,59,0,0,False,,none,2017,5,14,6,True,14.75,59,False,False
2017-05-15,0,45,0,0,False,,none,2017,5,15,0,False,11.25,45,False,False
2017-05-16,0,54,0,0,False,,none,2017,5,16,1,False,13.5,54,False,False
2017-05-17,0,100,0,0,False,,none,2017,5,17,2,False,25.0,100,False,False
2017-05-18,0,64,0,0,False,,none,2017,5,18,3,False,16.0,64,False,False
2017-05-19,0,0,0,0,False,,none,2017,5,19,4,False,0.0,0,False,False
2017-05-20,0,0,0,66,False,,none,2017,5,20,5,True,16.5,66,False,False
2017-05-21,0,83,0,0,False,,none,2017,5,21,6,True,20.75,83,False,False
2017-05-22,0,41,0,0,False,,none,2017,5,22,0,False,10.25,41,False,False
2017-05-23,0,48,0,0,False,,none,2017,5,23,1,False,12.0,48,False,False
2017-05-24,0,62,0,0,False,,none,2017,5,24,2,False,15.5,62,False,False
2017-05-25,0,67,0,0,False,,none,2017,5,25,3,False,16.75,67,False,False
2017-05-26,0,65,0,0,False,,none,2017,5,26,4,False,16.25,65,False,False
2017-05-27,0,59,0,0,False,,none,2017,5,27,5,True,14.75,59,False,False
2017-05-28,67,83,0,0,False,,none,2017,5,28,6,True,37.5,83,False,False
2017-05-29,0,67,0,0,False,,none,2017,5,29,0,False,16.75,67,False,False
2017-05-30,0,50,0,0,False,,none,2017,5,30,1,False,12.5,50,False,False
2017-05-31,0,67,0,0,False,,none,2017,5,31,2,False,16.75,67,False,False
2017-06-01,0,67,0,0,False,,none,2017,6,1,3,False,16.75,67,False,False
2017-06-02,0,85,0,0,False,,none,2017,6,2,4,False,21.25,85,False,False
2017-06-03,0,77,0,0,False,,none,2017,6,3,5,True,19.25,77,False,False
2017-06-04,0,63,0,0,False,,none,2017,6,4,6,True,15.75,63,False,False
2017-06-05,40,57,0,0,False,,none,2017,6,5,0,False,24.25,57,False,False
2017-06-06,0,74,0,0,False,,none,2017,6,6,1,False,18.5,74,False,False
2017-06-07,36,91,0,0,False,,none,2017,6,7,2,False,31.75,91,False,False
2017-06-08,0,83,0,0,False,,none,2017,6,8,3,False,20.75,83,False,False
2017-06-09,0,84,0,0,False,,none,2017,6,9,4,False,21.0,84,True,False
2017-06-10,0,51,0,0,True,"Day of Portugal, Camões, and the Portuguese Communities",public,2017,6,10,5,True,12.75,51,False,False
2017-06-11,0,92,0,0,False,,none,2017,6,11,6,True,23.0,92,False,True
2017-06-12,0,70,0,0,False,,none,2017,6,12,0,False,17.5,70,False,False
2017-06-13,0,86,0,0,False,,none,2017,6,13,1,False,21.5,86,False,False
2017-06-14,39,81,0,0,False,,none,2017,6,14,2,False,30.0,81,True,False
2017-06-15,0,98,0,0,True,Corpus Christi,public,2017,6,15,3,False,24.5,98,False,False
2017-06-16,39,94,0,0,False,,none,2017,6,16,4,False,33.25,94,False,True
2017-06-17,0,78,0,0,False,,none,2017,6,17,5,True,19.5,78,False,False
2017-06-18,0,86,0,0,False,,none,2017,6,18,6,True,21.5,86,False,False
2017-06-19,0,64,0,0,False,,none,2017,6,19,0,False,16.0,64,False,False
2017-06-20,0,55,0,0,False,,none,2017,6,20,1,False,13.75,55,False,False
2017-06-21,0,55,0,0,False,,none,2017,6,21,2,False,13.75,55,False,False
2017-06-22,63,56,0,0,False,,none,2017,6,22,3,False,29.75,63,False,False
2017-06-23,0,71,0,0,False,,none,2017,6,23,4,False,17.75,71,False,False
2017-06-24,0,75,0,0,False,,none,2017,6,24,5,True,18.75,75,False,False
2017-06-25,0,96,0,0,False,,none,2017,6,25,6,True,24.0,96,False,False
2017-06-26,24,85,0,0,False,,none,2017,6,26,0,False,27.25,85,False,False
2017-06-27,0,56,0,0,False,,none,2017,6,27,1,False,14.0,56,False,False
2017-06-28,0,44,0,0,False,,none,2017,6,28,2,False,11.0,44,False,False
2017-06-29,0,69,0,0,False,,none,2017,6,29,3,False,17.25,69,False,False
2017-06-30,0,70,0,0,False,,none,2017,6,30,4,False,17.5,70,False,False
2017-07-01,0,37,0,0,False,,none,2017,7,1,5,True,9.25,37,False,False
2017-07-02,0,92,0,0,False,,none,2017,7,2,6,True,23.0,92,False,False
2017-07-03,0,58,0,0,False,,none,2017,7,3,0,False,14.5,58,False,False
2017-07-04,0,80,0,0,False,,none,2017,7,4,1,False,20.0,80,False,False
2017-07-05,0,69,0,0,False,,none,2017,7,5,2,False,17.25,69,False,False
2017-07-06,0,64,0,0,False,,none,2017,7,6,3,False,16.0,64,False,False
2017-07-07,0,63,0,0,False,,none,2017,7,7,4,False,15.75,63,False,False
2017-07-08,0,74,0,0,False,,none,2017,7,8,5,True,18.5,74,False,False
2017-07-09,0,100,0,0,False,,none,2017,7,9,6,True,25.0,100,False,False
2017-07-10,0,47,0,0,False,,none,2017,7,10,0,False,11.75,47,False,False
2017-07-11,0,78,0,0,False,,none,2017,7,11,1,False,19.5,78,False,False
2017-07-12,40,64,0,0,False,,none,2017,7,12,2,False,26.0,64,False,False
2017-07-13,0,53,0,0,False,,none,2017,7,13,3,False,13.25,53,False,False
2017-07-14,0,76,0,0,False,,none,2017,7,14,4,False,19.0,76,False,False
2017-07-15,0,87,34,0,False,,none,2017,7,15,5,True,30.25,87,False,False
2017-07-16,0,98,0,0,False,,none,2017,7,16,6,True,24.5,98,False,False
2017-07-17,0,61,0,0,False,,none,2017,7,17,0,False,15.25,61,False,False
2017-07-18,0,73,0,0,False,,none,2017,7,18,1,False,18.25,73,False,False
2017-07-19,0,62,0,0,False,,none,2017,7,19,2,False,15.5,62,False,False
2017-07-20,0,77,0,0,False,,none,2017,7,20,3,False,19.25,77,False,False
2017-07-21,0,67,0,0,False,,none,2017,7,21,4,False,16.75,67,False,False
2017-07-22,0,89,0,0,False,,none,2017,7,22,5,True,22.25,89,False,False
2017-07-23,0,87,0,0,False,,none,2017,7,23,6,True,21.75,87,False,False
2017-07-24,0,70,0,0,False,,none,2017,7,24,0,False,17.5,70,False,False
2017-07-25,0,77,0,0,False,,none,2017,7,25,1,False,19.25,77,False,False
2017-07-26,0,70,0,0,False,,none,2017,7,26,2,False,17.5,70,False,False
2017-07-27,0,53,0,0,False,,none,2017,7,27,3,False,13.25,53,False,False
2017-07-28,0,51,0,0,False,,none,2017,7,28,4,False,12.75,51,False,False
2017-07-29,0,73,0,0,False,,none,2017,7,29,5,True,18.25,73,False,False
2017-07-30,34,90,0,0,False,,none,2017,7,30,6,True,31.0,90,False,False
2017-07-31,0,73,0,0,False,,none,2017,7,31,0,False,18.25,73,False,False
2017-08-01,0,47,0,0,False,,none,2017,8,1,1,False,11.75,47,False,False
2017-08-02,0,73,0,0,False,,none,2017,8,2,2,False,18.25,73,False,False
2017-08-03,0,64,0,0,False,,none,2017,8,3,3,False,16.0,64,False,False
2017-08-04,0,41,0,0,False,,none,2017,8,4,4,False,10.25,41,False,False
2017-08-05,0,80,0,0,False,,none,2017,8,5,5,True,20.0,80,False,False
2017-08-06,0,83,0,0,False,,none,2017,8,6,6,True,20.75,83,False,False
2017-08-07,0,88,0,0,False,,none,2017,8,7,0,False,22.0,88,False,False
2017-08-08,0,49,0,0,False,,none,2017,8,8,1,False,12.25,49,False,False
2017-08-09,0,71,0,0,False,,none,2017,8,9,2,False,17.75,71,False,False
2017-08-10,0,54,0,0,False,,none,2017,8,10,3,False,13.5,54,False,False
2017-08-11,0,68,0,0,False,,none,2017,8,11,4,False,17.0,68,False,False
2017-08-12,0,97,0,0,False,,none,2017,8,12,5,True,24.25,97,False,False
2017-08-13,0,70,0,0,False,,none,2017,8,13,6,True,17.5,70,False,False
2017-08-14,0,57,0,0,False,,none,2017,8,14,0,False,14.25,57,True,False
2017-08-15,0,42,0,0,True,Assumption Day,public,2017,8,15,1,False,10.5,42,False,False
2017-08-16,0,81,0,0,False,,none,2017,8,16,2,False,20.25,81,False,True
2017-08-17,0,56,0,0,False,,none,2017,8,17,3,False,14.0,56,False,False
2017-08-18,0,70,0,0,False,,none,2017,8,18,4,False,17.5,70,False,False
2017-08-19,0,77,0,0,False,,none,2017,8,19,5,True,19.25,77,False,False
2017-08-20,0,63,0,0,False,,none,2017,8,20,6,True,15.75,63,False,False
2017-08-21,0,71,0,0,False,,none,2017,8,21,0,False,17.75,71,False,False
2017-08-22,0,58,0,0,False,,none,2017,8,22,1,False,14.5,58,False,False
2017-08-23,0,67,0,0,False,,none,2017,8,23,2,False,16.75,67,False,False
2017-08-24,0,47,0,0,False,,none,2017,8,24,3,False,11.75,47,False,False
2017-08-25,0,58,0,0,False,,none,2017,8,25,4,False,14.5,58,False,False
2017-08-26,0,0,0,0,False,,none,2017,8,26,5,True,0.0,0,False,False
2017-08-27,0,100,0,0,False,,none,2017,8,27,6,True,25.0,100,False,False
2017-08-28,0,72,0,0,False,,none,2017,8,28,0,False,18.0,72,False,False
2017-08-29,0,76,0,0,False,,none,2017,8,29,1,False,19.0,76,False,False
2017-08-30,0,84,0,0,False,,none,2017,8,30,2,False,21.0,84,False,False
2017-08-31,0,59,0,0,False,,none,2017,8,31,3,False,14.75,59,False,False
2017-09-01,0,97,0,0,False,,none,2017,9,1,4,False,24.25,97,False,False
